"Perioden";"Regio's";"Totaal alle onderliggende doodsoorzaken (aantal)";"Nieuwvormingen (aantal)";"Ziekten van hart en vaatstelsel (aantal)";"Ziekten van ademhalingsstelsel (aantal)"
"2018";"Aa en Hunze";283;96;79;14
"2019";"Aa en Hunze";280;94;86;18
"2020";"Aa en Hunze";274;88;77;14
"2018";"Aalburg";84;27;23;8
"2019";"Aalburg";;;;
"2020";"Aalburg";;;;
"2018";"Aalsmeer";279;94;67;23
"2019";"Aalsmeer";270;83;68;27
"2020";"Aalsmeer";277;69;64;10
"2018";"Aalten";277;77;83;21
"2019";"Aalten";256;85;66;31
"2020";"Aalten";289;85;74;16
"2018";"Ter Aar";;;;
"2019";"Ter Aar";;;;
"2020";"Ter Aar";;;;
"2018";"Aarle-Rixtel";;;;
"2019";"Aarle-Rixtel";;;;
"2020";"Aarle-Rixtel";;;;
"2018";"Abcoude";;;;
"2019";"Abcoude";;;;
"2020";"Abcoude";;;;
"2018";"Achtkarspelen";252;78;69;33
"2019";"Achtkarspelen";234;72;67;25
"2020";"Achtkarspelen";235;88;71;17
"2018";"Akersloot";;;;
"2019";"Akersloot";;;;
"2020";"Akersloot";;;;
"2018";"Alblasserdam";154;49;36;22
"2019";"Alblasserdam";193;64;53;18
"2020";"Alblasserdam";192;49;41;9
"2018";"Albrandswaard";191;65;39;15
"2019";"Albrandswaard";157;49;51;10
"2020";"Albrandswaard";207;61;40;13
"2018";"Alkemade";;;;
"2019";"Alkemade";;;;
"2020";"Alkemade";;;;
"2018";"Alkmaar";898;299;193;73
"2019";"Alkmaar";899;283;200;74
"2020";"Alkmaar";969;294;198;52
"2018";"Almelo";690;227;169;59
"2019";"Almelo";702;200;175;61
"2020";"Almelo";795;235;161;54
"2018";"Almere";1016;344;227;78
"2019";"Almere";1025;332;235;75
"2020";"Almere";1084;348;210;61
"2018";"Alphen aan den Rijn";843;285;187;70
"2019";"Alphen aan den Rijn";869;271;196;84
"2020";"Alphen aan den Rijn";943;290;206;50
"2018";"Alphen en Riel";;;;
"2019";"Alphen en Riel";;;;
"2020";"Alphen en Riel";;;;
"2018";"Alphen-Chaam";76;26;25;7
"2019";"Alphen-Chaam";94;32;25;6
"2020";"Alphen-Chaam";104;34;23;6
"2018";"Altena";;;;
"2019";"Altena";444;113;126;46
"2020";"Altena";554;143;112;28
"2018";"Ambt Delden";;;;
"2019";"Ambt Delden";;;;
"2020";"Ambt Delden";;;;
"2018";"Ambt Montfort";;;;
"2019";"Ambt Montfort";;;;
"2020";"Ambt Montfort";;;;
"2018";"Ameland";50;14;21;3
"2019";"Ameland";26;7;13;0
"2020";"Ameland";23;10;5;3
"2018";"Amerongen";;;;
"2019";"Amerongen";;;;
"2020";"Amerongen";;;;
"2018";"Amersfoort";1126;327;275;77
"2019";"Amersfoort";1082;317;269;96
"2020";"Amersfoort";1153;320;275;64
"2018";"Ammerzoden";;;;
"2019";"Ammerzoden";;;;
"2020";"Ammerzoden";;;;
"2018";"Amstelveen";792;203;198;58
"2019";"Amstelveen";790;208;197;63
"2020";"Amstelveen";916;210;200;52
"2018";"Amsterdam";5374;1614;1175;477
"2019";"Amsterdam";5248;1579;1156;445
"2020";"Amsterdam";5763;1542;1077;337
"2018";"Andijk";;;;
"2019";"Andijk";;;;
"2020";"Andijk";;;;
"2018";"Angerlo";;;;
"2019";"Angerlo";;;;
"2020";"Angerlo";;;;
"2018";"Anloo";;;;
"2019";"Anloo";;;;
"2020";"Anloo";;;;
"2018";"Anna Paulowna";;;;
"2019";"Anna Paulowna";;;;
"2020";"Anna Paulowna";;;;
"2018";"Apeldoorn";1581;466;394;133
"2019";"Apeldoorn";1614;480;389;135
"2020";"Apeldoorn";1780;489;378;111
"2018";"Appingedam";143;45;35;13
"2019";"Appingedam";157;56;41;12
"2020";"Appingedam";157;61;39;8
"2018";"Arcen en Velden";;;;
"2019";"Arcen en Velden";;;;
"2020";"Arcen en Velden";;;;
"2018";"Arnemuiden";;;;
"2019";"Arnemuiden";;;;
"2020";"Arnemuiden";;;;
"2018";"Arnhem";1371;413;316;135
"2019";"Arnhem";1327;360;332;110
"2020";"Arnhem";1406;365;305;88
"2018";"Assen";698;172;185;59
"2019";"Assen";657;179;170;45
"2020";"Assen";683;207;154;47
"2018";"Asten";181;51;43;17
"2019";"Asten";151;40;40;15
"2020";"Asten";171;47;37;14
"2018";"Avereest";;;;
"2019";"Avereest";;;;
"2020";"Avereest";;;;
"2018";"Axel";;;;
"2019";"Axel";;;;
"2020";"Axel";;;;
"2018";"Baarle-Nassau";68;23;16;9
"2019";"Baarle-Nassau";70;24;16;6
"2020";"Baarle-Nassau";89;20;32;6
"2018";"Baarn";306;70;77;38
"2019";"Baarn";317;74;79;24
"2020";"Baarn";340;84;66;20
"2018";"Bakel en Milheeze";;;;
"2019";"Bakel en Milheeze";;;;
"2020";"Bakel en Milheeze";;;;
"2018";"Barendrecht";334;88;75;35
"2019";"Barendrecht";309;108;88;29
"2020";"Barendrecht";392;115;87;32
"2018";"Barneveld";424;129;119;35
"2019";"Barneveld";466;140;114;44
"2020";"Barneveld";470;119;100;31
"2018";"Bathmen";;;;
"2019";"Bathmen";;;;
"2020";"Bathmen";;;;
"2018";"Bedum";104;33;30;5
"2019";"Bedum";;;;
"2020";"Bedum";;;;
"2018";"Beek (L.)";155;52;42;11
"2019";"Beek (L.)";184;64;52;18
"2020";"Beek (L.)";201;48;51;15
"2018";"Beek en Donk";;;;
"2019";"Beek en Donk";;;;
"2020";"Beek en Donk";;;;
"2018";"Beekdaelen";;;;
"2019";"Beekdaelen";381;112;106;36
"2020";"Beekdaelen";464;125;105;37
"2018";"Beemster";72;24;16;2
"2019";"Beemster";62;23;12;7
"2020";"Beemster";71;16;20;5
"2018";"Beesel";129;41;27;7
"2019";"Beesel";117;37;31;11
"2020";"Beesel";125;40;26;9
"2018";"Beilen";;;;
"2019";"Beilen";;;;
"2020";"Beilen";;;;
"2018";"Belfeld";;;;
"2019";"Belfeld";;;;
"2020";"Belfeld";;;;
"2018";"Bellingwedde";;;;
"2019";"Bellingwedde";;;;
"2020";"Bellingwedde";;;;
"2018";"Bemmel";;;;
"2019";"Bemmel";;;;
"2020";"Bemmel";;;;
"2018";"Bennebroek";;;;
"2019";"Bennebroek";;;;
"2020";"Bennebroek";;;;
"2018";"Berg en Dal";436;119;122;43
"2019";"Berg en Dal";447;140;108;44
"2020";"Berg en Dal";452;120;95;30
"2018";"Bergambacht";;;;
"2019";"Bergambacht";;;;
"2020";"Bergambacht";;;;
"2018";"Bergeijk";151;54;33;17
"2019";"Bergeijk";142;42;36;13
"2020";"Bergeijk";178;53;49;8
"2018";"Bergen (L.)";135;32;42;16
"2019";"Bergen (L.)";152;61;35;11
"2020";"Bergen (L.)";132;44;31;4
"2018";"Bergen (NH.)";414;116;96;34
"2019";"Bergen (NH.)";424;124;101;32
"2020";"Bergen (NH.)";478;132;101;28
"2018";"Bergen op Zoom";641;197;137;62
"2019";"Bergen op Zoom";621;194;148;58
"2020";"Bergen op Zoom";789;216;156;34
"2018";"Bergeyk";;;;
"2019";"Bergeyk";;;;
"2020";"Bergeyk";;;;
"2018";"Bergh";;;;
"2019";"Bergh";;;;
"2020";"Bergh";;;;
"2018";"Bergschenhoek";;;;
"2019";"Bergschenhoek";;;;
"2020";"Bergschenhoek";;;;
"2018";"Berkel en Rodenrijs";;;;
"2019";"Berkel en Rodenrijs";;;;
"2020";"Berkel en Rodenrijs";;;;
"2018";"Berkel-Enschot";;;;
"2019";"Berkel-Enschot";;;;
"2020";"Berkel-Enschot";;;;
"2018";"Berkelland";480;145;130;52
"2019";"Berkelland";479;167;119;55
"2020";"Berkelland";480;136;129;25
"2018";"Bernheze";303;93;75;29
"2019";"Bernheze";278;86;75;22
"2020";"Bernheze";375;68;76;18
"2018";"Bernisse";;;;
"2019";"Bernisse";;;;
"2020";"Bernisse";;;;
"2018";"Best";226;83;48;20
"2019";"Best";249;71;59;18
"2020";"Best";278;89;73;7
"2018";"Beuningen";206;66;46;19
"2019";"Beuningen";238;101;63;15
"2020";"Beuningen";194;57;45;7
"2018";"Beverwijk";430;121;121;49
"2019";"Beverwijk";399;107;106;43
"2020";"Beverwijk";456;138;121;29
"2018";"het Bildt";;;;
"2019";"het Bildt";;;;
"2020";"het Bildt";;;;
"2018";"De Bilt";527;138;127;53
"2019";"De Bilt";514;142;142;21
"2020";"De Bilt";541;136;114;35
"2018";"Binnenmaas";282;94;71;30
"2019";"Binnenmaas";;;;
"2020";"Binnenmaas";;;;
"2018";"Bladel";201;69;47;23
"2019";"Bladel";171;44;48;15
"2020";"Bladel";231;57;43;17
"2018";"Bladel en Netersel";;;;
"2019";"Bladel en Netersel";;;;
"2020";"Bladel en Netersel";;;;
"2018";"Blaricum";100;31;20;5
"2019";"Blaricum";85;29;25;6
"2020";"Blaricum";85;32;19;4
"2018";"Bleiswijk";;;;
"2019";"Bleiswijk";;;;
"2020";"Bleiswijk";;;;
"2018";"Bloemendaal";290;71;83;30
"2019";"Bloemendaal";299;66;89;19
"2020";"Bloemendaal";315;85;81;15
"2018";"Boarnsterhim";;;;
"2019";"Boarnsterhim";;;;
"2020";"Boarnsterhim";;;;
"2018";"Bodegraven";;;;
"2019";"Bodegraven";;;;
"2020";"Bodegraven";;;;
"2018";"Bodegraven-Reeuwijk";262;95;77;9
"2019";"Bodegraven-Reeuwijk";272;106;64;12
"2020";"Bodegraven-Reeuwijk";281;82;55;13
"2018";"Boekel";86;29;16;8
"2019";"Boekel";90;27;23;9
"2020";"Boekel";109;34;12;8
"2018";"Ten Boer";111;24;27;6
"2019";"Ten Boer";;;;
"2020";"Ten Boer";;;;
"2018";"Bolsward";;;;
"2019";"Bolsward";;;;
"2020";"Bolsward";;;;
"2018";"Borculo";;;;
"2019";"Borculo";;;;
"2020";"Borculo";;;;
"2018";"Borger";;;;
"2019";"Borger";;;;
"2020";"Borger";;;;
"2018";"Borger-Odoorn";255;82;69;24
"2019";"Borger-Odoorn";262;79;71;20
"2020";"Borger-Odoorn";278;92;69;15
"2018";"Born";;;;
"2019";"Born";;;;
"2020";"Born";;;;
"2018";"Borne";193;57;56;22
"2019";"Borne";211;81;48;17
"2020";"Borne";244;70;55;21
"2018";"Borsele";182;60;37;15
"2019";"Borsele";177;60;42;12
"2020";"Borsele";182;58;47;11
"2018";"Boskoop";;;;
"2019";"Boskoop";;;;
"2020";"Boskoop";;;;
"2018";"Boxmeer";264;79;79;35
"2019";"Boxmeer";265;68;71;23
"2020";"Boxmeer";321;97;73;16
"2018";"Boxtel";329;96;81;33
"2019";"Boxtel";306;76;70;27
"2020";"Boxtel";373;94;67;20
"2018";"Brakel";;;;
"2019";"Brakel";;;;
"2020";"Brakel";;;;
"2018";"Breda";1672;483;427;169
"2019";"Breda";1691;489;444;143
"2020";"Breda";1835;506;388;113
"2018";"Brederwiede";;;;
"2019";"Brederwiede";;;;
"2020";"Brederwiede";;;;
"2018";"Breukelen";;;;
"2019";"Breukelen";;;;
"2020";"Breukelen";;;;
"2018";"Brielle";144;51;31;11
"2019";"Brielle";159;42;23;16
"2020";"Brielle";158;43;41;7
"2018";"Broekhuizen";;;;
"2019";"Broekhuizen";;;;
"2020";"Broekhuizen";;;;
"2018";"Bronckhorst";371;114;105;38
"2019";"Bronckhorst";351;110;106;35
"2020";"Bronckhorst";425;133;97;27
"2018";"Brouwershaven";;;;
"2019";"Brouwershaven";;;;
"2020";"Brouwershaven";;;;
"2018";"Bruinisse";;;;
"2019";"Bruinisse";;;;
"2020";"Bruinisse";;;;
"2018";"Brummen";221;63;66;20
"2019";"Brummen";222;62;54;28
"2020";"Brummen";225;66;50;20
"2018";"Brunssum";397;107;110;37
"2019";"Brunssum";331;109;72;22
"2020";"Brunssum";392;89;101;23
"2018";"Budel";;;;
"2019";"Budel";;;;
"2020";"Budel";;;;
"2018";"Bunnik";113;40;27;9
"2019";"Bunnik";98;36;22;6
"2020";"Bunnik";130;51;24;6
"2018";"Bunschoten";129;52;35;12
"2019";"Bunschoten";136;51;37;8
"2020";"Bunschoten";197;53;34;14
"2018";"Buren";186;77;36;13
"2019";"Buren";213;86;46;18
"2020";"Buren";251;95;47;9
"2018";"Bussum";;;;
"2019";"Bussum";;;;
"2020";"Bussum";;;;
"2018";"Capelle aan den IJssel";617;191;144;51
"2019";"Capelle aan den IJssel";609;208;141;45
"2020";"Capelle aan den IJssel";715;165;137;38
"2018";"Castricum";352;111;91;37
"2019";"Castricum";339;99;93;27
"2020";"Castricum";384;110;94;23
"2018";"Chaam";;;;
"2019";"Chaam";;;;
"2020";"Chaam";;;;
"2018";"Coevorden";415;119;111;48
"2019";"Coevorden";408;116;115;30
"2020";"Coevorden";448;143;105;38
"2018";"Cranendonck";204;49;59;23
"2019";"Cranendonck";187;52;45;20
"2020";"Cranendonck";249;63;60;13
"2018";"Cromstrijen";111;30;26;11
"2019";"Cromstrijen";;;;
"2020";"Cromstrijen";;;;
"2018";"Cuijk";219;72;45;21
"2019";"Cuijk";216;77;60;18
"2020";"Cuijk";279;88;60;23
"2018";"Culemborg";248;69;64;16
"2019";"Culemborg";249;71;59;23
"2020";"Culemborg";238;69;46;17
"2018";"Dalen";;;;
"2019";"Dalen";;;;
"2020";"Dalen";;;;
"2018";"Dalfsen";222;64;56;16
"2019";"Dalfsen";223;73;68;13
"2020";"Dalfsen";267;78;66;10
"2018";"Dantumadeel";;;;
"2019";"Dantumadeel";;;;
"2020";"Dantumadeel";;;;
"2018";"Dantumadiel";234;69;61;23
"2019";"Dantumadiel";201;58;53;14
"2020";"Dantumadiel";202;51;51;18
"2018";"Delft";780;251;198;87
"2019";"Delft";728;232;159;71
"2020";"Delft";812;232;167;48
"2018";"Delfzijl";344;98;93;37
"2019";"Delfzijl";305;87;71;22
"2020";"Delfzijl";331;86;105;17
"2018";"Denekamp";;;;
"2019";"Denekamp";;;;
"2020";"Denekamp";;;;
"2018";"Deurne";305;92;70;37
"2019";"Deurne";301;95;78;33
"2020";"Deurne";357;90;72;28
"2018";"Deventer";901;262;242;97
"2019";"Deventer";940;290;209;93
"2020";"Deventer";1034;286;235;67
"2018";"Didam";;;;
"2019";"Didam";;;;
"2020";"Didam";;;;
"2018";"Diemen";179;53;42;22
"2019";"Diemen";220;67;57;19
"2020";"Diemen";249;70;55;13
"2018";"Diepenheim";;;;
"2019";"Diepenheim";;;;
"2020";"Diepenheim";;;;
"2018";"Diepenveen";;;;
"2019";"Diepenveen";;;;
"2020";"Diepenveen";;;;
"2018";"Diessen";;;;
"2019";"Diessen";;;;
"2020";"Diessen";;;;
"2018";"Diever";;;;
"2019";"Diever";;;;
"2020";"Diever";;;;
"2018";"Dinkelland";243;60;54;33
"2019";"Dinkelland";245;58;89;17
"2020";"Dinkelland";302;75;63;23
"2018";"Dinteloord en Prinsenland";;;;
"2019";"Dinteloord en Prinsenland";;;;
"2020";"Dinteloord en Prinsenland";;;;
"2018";"Dinxperlo";;;;
"2019";"Dinxperlo";;;;
"2020";"Dinxperlo";;;;
"2018";"Dirksland";;;;
"2019";"Dirksland";;;;
"2020";"Dirksland";;;;
"2018";"Dodewaard";;;;
"2019";"Dodewaard";;;;
"2020";"Dodewaard";;;;
"2018";"Doesburg";106;40;22;6
"2019";"Doesburg";94;34;17;8
"2020";"Doesburg";149;37;31;10
"2018";"Doetinchem";593;165;165;61
"2019";"Doetinchem";556;165;137;57
"2020";"Doetinchem";598;181;133;36
"2018";"Domburg";;;;
"2019";"Domburg";;;;
"2020";"Domburg";;;;
"2018";"Dongen";241;70;64;25
"2019";"Dongen";257;91;60;22
"2020";"Dongen";296;70;65;15
"2018";"Dongeradeel";241;82;60;26
"2019";"Dongeradeel";;;;
"2020";"Dongeradeel";;;;
"2018";"Doorn";;;;
"2019";"Doorn";;;;
"2020";"Doorn";;;;
"2018";"Dordrecht";1131;338;274;100
"2019";"Dordrecht";1093;308;265;102
"2020";"Dordrecht";1269;337;260;80
"2018";"Drechterland";144;44;33;20
"2019";"Drechterland";148;39;41;9
"2020";"Drechterland";171;54;32;11
"2018";"Driebergen-Rijsenburg";;;;
"2019";"Driebergen-Rijsenburg";;;;
"2020";"Driebergen-Rijsenburg";;;;
"2018";"Drimmelen";250;64;57;36
"2019";"Drimmelen";241;77;64;23
"2020";"Drimmelen";282;74;68;20
"2018";"Dronten";310;111;87;29
"2019";"Dronten";299;93;84;20
"2020";"Dronten";333;101;89;19
"2018";"Drunen";;;;
"2019";"Drunen";;;;
"2020";"Drunen";;;;
"2018";"Druten";166;55;48;10
"2019";"Druten";145;42;39;20
"2020";"Druten";156;43;32;8
"2018";"Duiveland";;;;
"2019";"Duiveland";;;;
"2020";"Duiveland";;;;
"2018";"Duiven";192;63;44;23
"2019";"Duiven";193;63;52;19
"2020";"Duiven";209;69;45;10
"2018";"Dussen";;;;
"2019";"Dussen";;;;
"2020";"Dussen";;;;
"2018";"Dwingeloo";;;;
"2019";"Dwingeloo";;;;
"2020";"Dwingeloo";;;;
"2018";"Echt";;;;
"2019";"Echt";;;;
"2020";"Echt";;;;
"2018";"Echteld";;;;
"2019";"Echteld";;;;
"2020";"Echteld";;;;
"2018";"Echt-Susteren";355;79;102;34
"2019";"Echt-Susteren";366;114;105;33
"2020";"Echt-Susteren";384;94;74;33
"2018";"Edam-Volendam";304;108;79;25
"2019";"Edam-Volendam";303;108;72;18
"2020";"Edam-Volendam";347;114;84;2
"2018";"Ede";915;273;235;79
"2019";"Ede";924;291;205;88
"2020";"Ede";981;259;227;70
"2018";"Eelde";;;;
"2019";"Eelde";;;;
"2020";"Eelde";;;;
"2018";"Eemnes";55;24;15;3
"2019";"Eemnes";74;23;28;2
"2020";"Eemnes";59;19;14;4
"2018";"Eemsmond";133;41;34;14
"2019";"Eemsmond";;;;
"2020";"Eemsmond";;;;
"2018";"Eersel";156;54;46;14
"2019";"Eersel";167;51;40;9
"2020";"Eersel";203;63;41;9
"2018";"Egmond";;;;
"2019";"Egmond";;;;
"2020";"Egmond";;;;
"2018";"Eibergen";;;;
"2019";"Eibergen";;;;
"2020";"Eibergen";;;;
"2018";"Eijsden";;;;
"2019";"Eijsden";;;;
"2020";"Eijsden";;;;
"2018";"Eijsden-Margraten";243;87;49;20
"2019";"Eijsden-Margraten";234;75;63;24
"2020";"Eijsden-Margraten";295;89;60;11
"2018";"Eindhoven";1987;587;462;194
"2019";"Eindhoven";1993;605;498;156
"2020";"Eindhoven";2232;570;493;138
"2018";"Elburg";192;54;52;21
"2019";"Elburg";212;66;68;16
"2020";"Elburg";231;63;59;14
"2018";"Elst";;;;
"2019";"Elst";;;;
"2020";"Elst";;;;
"2018";"Emmen";1188;378;337;112
"2019";"Emmen";1173;369;323;94
"2020";"Emmen";1244;393;317;80
"2018";"Enkhuizen";186;47;46;13
"2019";"Enkhuizen";162;48;40;11
"2020";"Enkhuizen";207;59;37;16
"2018";"Enschede";1448;419;383;157
"2019";"Enschede";1540;490;386;148
"2020";"Enschede";1631;449;358;116
"2018";"Epe";355;118;83;38
"2019";"Epe";345;127;90;24
"2020";"Epe";396;105;92;29
"2018";"Ermelo";326;90;83;33
"2019";"Ermelo";298;99;74;24
"2020";"Ermelo";331;74;75;21
"2018";"Etten-Leur";371;122;81;45
"2019";"Etten-Leur";396;125;98;30
"2020";"Etten-Leur";421;124;93;18
"2018";"Ferwerderadeel";;;;
"2019";"Ferwerderadeel";;;;
"2020";"Ferwerderadeel";;;;
"2018";"Ferwerderadiel";85;26;21;7
"2019";"Ferwerderadiel";;;;
"2020";"Ferwerderadiel";;;;
"2018";"Fijnaart en Heijningen";;;;
"2019";"Fijnaart en Heijningen";;;;
"2020";"Fijnaart en Heijningen";;;;
"2018";"Franekeradeel";;;;
"2019";"Franekeradeel";;;;
"2020";"Franekeradeel";;;;
"2018";"De Friese Meren";;;;
"2019";"De Friese Meren";;;;
"2020";"De Friese Meren";;;;
"2018";"De Fryske Marren";516;161;123;47
"2019";"De Fryske Marren";468;155;125;30
"2020";"De Fryske Marren";496;177;120;25
"2018";"Gaasterlân-Sleat";;;;
"2019";"Gaasterlân-Sleat";;;;
"2020";"Gaasterlân-Sleat";;;;
"2018";"Gasselte";;;;
"2019";"Gasselte";;;;
"2020";"Gasselte";;;;
"2018";"Geertruidenberg";208;68;54;26
"2019";"Geertruidenberg";214;72;55;17
"2020";"Geertruidenberg";211;63;55;11
"2018";"Geldermalsen";231;76;50;31
"2019";"Geldermalsen";;;;
"2020";"Geldermalsen";;;;
"2018";"Geldrop";;;;
"2019";"Geldrop";;;;
"2020";"Geldrop";;;;
"2018";"Geldrop-Mierlo";370;118;98;30
"2019";"Geldrop-Mierlo";393;123;118;31
"2020";"Geldrop-Mierlo";403;119;93;25
"2018";"Geleen";;;;
"2019";"Geleen";;;;
"2020";"Geleen";;;;
"2018";"Gemert";;;;
"2019";"Gemert";;;;
"2020";"Gemert";;;;
"2018";"Gemert-Bakel";254;76;85;27
"2019";"Gemert-Bakel";246;71;67;31
"2020";"Gemert-Bakel";278;70;57;19
"2018";"Gendringen";;;;
"2019";"Gendringen";;;;
"2020";"Gendringen";;;;
"2018";"Gendt";;;;
"2019";"Gendt";;;;
"2020";"Gendt";;;;
"2018";"Genemuiden";;;;
"2019";"Genemuiden";;;;
"2020";"Genemuiden";;;;
"2018";"Gennep";204;58;45;20
"2019";"Gennep";173;54;35;17
"2020";"Gennep";200;47;49;12
"2018";"Giessenlanden";92;37;23;4
"2019";"Giessenlanden";;;;
"2020";"Giessenlanden";;;;
"2018";"Gieten";;;;
"2019";"Gieten";;;;
"2020";"Gieten";;;;
"2018";"Gilze en Rijen";227;76;60;22
"2019";"Gilze en Rijen";210;64;48;16
"2020";"Gilze en Rijen";222;65;59;9
"2018";"Goedereede";;;;
"2019";"Goedereede";;;;
"2020";"Goedereede";;;;
"2018";"Goeree-Overflakkee";473;147;121;33
"2019";"Goeree-Overflakkee";525;152;128;50
"2020";"Goeree-Overflakkee";558;162;94;37
"2018";"Goes";448;120;117;39
"2019";"Goes";413;124;97;39
"2020";"Goes";441;132;112;26
"2018";"Goirle";207;74;58;11
"2019";"Goirle";207;67;54;18
"2020";"Goirle";260;70;60;21
"2018";"Gooise Meren";555;164;136;52
"2019";"Gooise Meren";548;178;137;33
"2020";"Gooise Meren";660;186;153;30
"2018";"Goor";;;;
"2019";"Goor";;;;
"2020";"Goor";;;;
"2018";"Gorinchem";330;105;73;25
"2019";"Gorinchem";339;112;76;22
"2020";"Gorinchem";335;92;84;18
"2018";"Gorssel";;;;
"2019";"Gorssel";;;;
"2020";"Gorssel";;;;
"2018";"Gouda";648;177;155;57
"2019";"Gouda";696;208;167;54
"2020";"Gouda";780;214;130;43
"2018";"Graafstroom";;;;
"2019";"Graafstroom";;;;
"2020";"Graafstroom";;;;
"2018";"Graft-De Rijp";;;;
"2019";"Graft-De Rijp";;;;
"2020";"Graft-De Rijp";;;;
"2018";"Gramsbergen";;;;
"2019";"Gramsbergen";;;;
"2020";"Gramsbergen";;;;
"2018";"Grave";119;27;27;8
"2019";"Grave";124;39;26;9
"2020";"Grave";167;40;27;10
"2018";"'s-Graveland";;;;
"2019";"'s-Graveland";;;;
"2020";"'s-Graveland";;;;
"2018";"'s-Gravendeel";;;;
"2019";"'s-Gravendeel";;;;
"2020";"'s-Gravendeel";;;;
"2018";"'s-Gravenhage (gemeente)";4228;1066;975;381
"2019";"'s-Gravenhage (gemeente)";4091;1144;922;356
"2020";"'s-Gravenhage (gemeente)";4539;1124;871;287
"2018";"'s-Gravenmoer";;;;
"2019";"'s-Gravenmoer";;;;
"2020";"'s-Gravenmoer";;;;
"2018";"'s-Gravenzande";;;;
"2019";"'s-Gravenzande";;;;
"2020";"'s-Gravenzande";;;;
"2018";"Groenlo";;;;
"2019";"Groenlo";;;;
"2020";"Groenlo";;;;
"2018";"Groesbeek";;;;
"2019";"Groesbeek";;;;
"2020";"Groesbeek";;;;
"2018";"Groningen (gemeente)";1345;445;341;105
"2019";"Groningen (gemeente)";1706;521;398;143
"2020";"Groningen (gemeente)";1805;554;417;120
"2018";"Grootegast";105;43;19;13
"2019";"Grootegast";;;;
"2020";"Grootegast";;;;
"2018";"Grubbenvorst";;;;
"2019";"Grubbenvorst";;;;
"2020";"Grubbenvorst";;;;
"2018";"Gulpen";;;;
"2019";"Gulpen";;;;
"2020";"Gulpen";;;;
"2018";"Gulpen-Wittem";183;54;50;16
"2019";"Gulpen-Wittem";160;50;46;14
"2020";"Gulpen-Wittem";213;62;47;11
"2018";"Haaksbergen";231;63;51;26
"2019";"Haaksbergen";243;85;54;16
"2020";"Haaksbergen";285;90;65;12
"2018";"Haaren";132;34;33;16
"2019";"Haaren";127;44;32;13
"2020";"Haaren";143;33;38;4
"2018";"Haarlem";1482;413;343;139
"2019";"Haarlem";1406;386;317;138
"2020";"Haarlem";1511;391;309;98
"2018";"Haarlemmerliede en Spaarnwoude";24;9;5;1
"2019";"Haarlemmerliede en Spaarnwoude";;;;
"2020";"Haarlemmerliede en Spaarnwoude";;;;
"2018";"Haarlemmermeer";1009;339;246;79
"2019";"Haarlemmermeer";1034;360;250;71
"2020";"Haarlemmermeer";1128;370;269;61
"2018";"Haelen";;;;
"2019";"Haelen";;;;
"2020";"Haelen";;;;
"2018";"Halderberge";311;99;70;40
"2019";"Halderberge";300;96;72;34
"2020";"Halderberge";348;94;88;26
"2018";"Halsteren";;;;
"2019";"Halsteren";;;;
"2020";"Halsteren";;;;
"2018";"Den Ham";;;;
"2019";"Den Ham";;;;
"2020";"Den Ham";;;;
"2018";"Hardenberg";537;174;126;52
"2019";"Hardenberg";472;141;123;44
"2020";"Hardenberg";526;160;115;34
"2018";"Harderwijk";367;121;97;28
"2019";"Harderwijk";382;118;96;33
"2020";"Harderwijk";403;124;93;12
"2018";"Hardinxveld-Giessendam";157;39;44;16
"2019";"Hardinxveld-Giessendam";176;50;50;13
"2020";"Hardinxveld-Giessendam";205;57;47;7
"2018";"Haren";247;58;65;18
"2019";"Haren";;;;
"2020";"Haren";;;;
"2018";"Harenkarspel";;;;
"2019";"Harenkarspel";;;;
"2020";"Harenkarspel";;;;
"2018";"Harlingen";169;53;44;21
"2019";"Harlingen";170;52;45;13
"2020";"Harlingen";185;51;47;17
"2018";"Harmelen";;;;
"2019";"Harmelen";;;;
"2020";"Harmelen";;;;
"2018";"Hasselt";;;;
"2019";"Hasselt";;;;
"2020";"Hasselt";;;;
"2018";"Hattem";115;36;29;10
"2019";"Hattem";129;56;32;13
"2020";"Hattem";124;39;31;8
"2018";"Havelte";;;;
"2019";"Havelte";;;;
"2020";"Havelte";;;;
"2018";"Hedel";;;;
"2019";"Hedel";;;;
"2020";"Hedel";;;;
"2018";"Heel";;;;
"2019";"Heel";;;;
"2020";"Heel";;;;
"2018";"Heemskerk";437;130;117;30
"2019";"Heemskerk";399;124;103;38
"2020";"Heemskerk";448;129;92;31
"2018";"Heemstede";318;85;83;19
"2019";"Heemstede";341;85;93;24
"2020";"Heemstede";403;111;86;28
"2018";"Heerde";201;56;52;24
"2019";"Heerde";245;75;54;24
"2020";"Heerde";260;54;52;18
"2018";"Heerenveen";562;157;151;59
"2019";"Heerenveen";494;167;128;34
"2020";"Heerenveen";547;157;136;44
"2018";"Heerewaarden";;;;
"2019";"Heerewaarden";;;;
"2020";"Heerewaarden";;;;
"2018";"Heerhugowaard";387;142;73;33
"2019";"Heerhugowaard";374;134;81;21
"2020";"Heerhugowaard";453;150;91;31
"2018";"Heerjansdam";;;;
"2019";"Heerjansdam";;;;
"2020";"Heerjansdam";;;;
"2018";"Heerlen";1087;343;278;95
"2019";"Heerlen";1066;298;280;115
"2020";"Heerlen";1168;333;234;85
"2018";"Heeze";;;;
"2019";"Heeze";;;;
"2020";"Heeze";;;;
"2018";"Heeze-Leende";165;47;51;7
"2019";"Heeze-Leende";165;50;43;13
"2020";"Heeze-Leende";181;47;45;11
"2018";"Heiloo";230;79;55;22
"2019";"Heiloo";189;67;41;13
"2020";"Heiloo";263;72;60;18
"2018";"Heino";;;;
"2019";"Heino";;;;
"2020";"Heino";;;;
"2018";"Helden";;;;
"2019";"Helden";;;;
"2020";"Helden";;;;
"2018";"Den Helder";581;210;137;40
"2019";"Den Helder";582;194;132;51
"2020";"Den Helder";614;185;142;56
"2018";"Hellendoorn";400;112;95;53
"2019";"Hellendoorn";333;105;75;32
"2020";"Hellendoorn";390;103;99;33
"2018";"Hellevoetsluis";359;116;77;50
"2019";"Hellevoetsluis";347;126;88;30
"2020";"Hellevoetsluis";342;115;61;24
"2018";"Helmond";721;225;184;76
"2019";"Helmond";711;254;165;71
"2020";"Helmond";870;234;173;63
"2018";"Hendrik-Ido-Ambacht";223;79;58;15
"2019";"Hendrik-Ido-Ambacht";228;83;56;16
"2020";"Hendrik-Ido-Ambacht";251;66;58;11
"2018";"Hengelo (Gld.)";;;;
"2019";"Hengelo (Gld.)";;;;
"2020";"Hengelo (Gld.)";;;;
"2018";"Hengelo (O.)";824;254;217;85
"2019";"Hengelo (O.)";803;245;205;61
"2020";"Hengelo (O.)";868;240;191;49
"2018";"'s-Hertogenbosch";1351;453;331;107
"2019";"'s-Hertogenbosch";1331;413;335;104
"2020";"'s-Hertogenbosch";1493;450;275;102
"2018";"Heteren";;;;
"2019";"Heteren";;;;
"2020";"Heteren";;;;
"2018";"Heumen";129;36;36;6
"2019";"Heumen";159;56;36;10
"2020";"Heumen";166;57;29;7
"2018";"Heusden";337;107;104;20
"2019";"Heusden";364;125;96;24
"2020";"Heusden";423;107;96;22
"2018";"Heythuysen";;;;
"2019";"Heythuysen";;;;
"2020";"Heythuysen";;;;
"2018";"Hillegom";234;69;50;23
"2019";"Hillegom";218;68;55;16
"2020";"Hillegom";219;71;50;14
"2018";"Hilvarenbeek";153;62;32;14
"2019";"Hilvarenbeek";116;41;39;8
"2020";"Hilvarenbeek";154;44;39;6
"2018";"Hilversum";916;233;243;84
"2019";"Hilversum";879;258;230;52
"2020";"Hilversum";922;242;224;60
"2018";"Hoeksche Waard";;;;
"2019";"Hoeksche Waard";796;279;194;69
"2020";"Hoeksche Waard";858;248;183;60
"2018";"Hoevelaken";;;;
"2019";"Hoevelaken";;;;
"2020";"Hoevelaken";;;;
"2018";"Hoeven";;;;
"2019";"Hoeven";;;;
"2020";"Hoeven";;;;
"2018";"Hof van Twente";398;121;94;33
"2019";"Hof van Twente";369;123;112;29
"2020";"Hof van Twente";417;112;104;30
"2018";"Het Hogeland";;;;
"2019";"Het Hogeland";490;188;103;47
"2020";"Het Hogeland";495;164;93;49
"2018";"Hollands Kroon";403;127;107;27
"2019";"Hollands Kroon";377;129;89;24
"2020";"Hollands Kroon";409;131;87;29
"2018";"Holten";;;;
"2019";"Holten";;;;
"2020";"Holten";;;;
"2018";"Hontenisse";;;;
"2019";"Hontenisse";;;;
"2020";"Hontenisse";;;;
"2018";"Hooge en Lage Mierde";;;;
"2019";"Hooge en Lage Mierde";;;;
"2020";"Hooge en Lage Mierde";;;;
"2018";"Hooge en Lage Zwaluwe";;;;
"2019";"Hooge en Lage Zwaluwe";;;;
"2020";"Hooge en Lage Zwaluwe";;;;
"2018";"Hoogeloon, Hapert en Casteren";;;;
"2019";"Hoogeloon, Hapert en Casteren";;;;
"2020";"Hoogeloon, Hapert en Casteren";;;;
"2018";"Hoogeveen";584;181;143;54
"2019";"Hoogeveen";520;176;119;36
"2020";"Hoogeveen";597;187;150;30
"2018";"Hoogezand-Sappemeer";;;;
"2019";"Hoogezand-Sappemeer";;;;
"2020";"Hoogezand-Sappemeer";;;;
"2018";"Hoorn";635;203;144;51
"2019";"Hoorn";679;200;160;43
"2020";"Hoorn";689;202;150;38
"2018";"Horst";;;;
"2019";"Horst";;;;
"2020";"Horst";;;;
"2018";"Horst aan de Maas";372;116;93;35
"2019";"Horst aan de Maas";419;133;99;36
"2020";"Horst aan de Maas";455;140;94;32
"2018";"Houten";308;100;75;28
"2019";"Houten";265;99;69;16
"2020";"Houten";324;84;60;22
"2018";"Huijbergen";;;;
"2019";"Huijbergen";;;;
"2020";"Huijbergen";;;;
"2018";"Huissen";;;;
"2019";"Huissen";;;;
"2020";"Huissen";;;;
"2018";"Huizen";436;128;97;30
"2019";"Huizen";425;126;93;33
"2020";"Huizen";488;110;113;25
"2018";"Hulst";289;86;82;25
"2019";"Hulst";277;65;86;17
"2020";"Hulst";320;90;85;17
"2018";"Hummelo en Keppel";;;;
"2019";"Hummelo en Keppel";;;;
"2020";"Hummelo en Keppel";;;;
"2018";"Hunsel";;;;
"2019";"Hunsel";;;;
"2020";"Hunsel";;;;
"2018";"IJsselham";;;;
"2019";"IJsselham";;;;
"2020";"IJsselham";;;;
"2018";"IJsselmuiden";;;;
"2019";"IJsselmuiden";;;;
"2020";"IJsselmuiden";;;;
"2018";"IJsselstein";265;82;59;23
"2019";"IJsselstein";293;87;75;23
"2020";"IJsselstein";329;77;61;19
"2018";"Jacobswoude";;;;
"2019";"Jacobswoude";;;;
"2020";"Jacobswoude";;;;
"2018";"Kaag en Braassem";213;66;51;16
"2019";"Kaag en Braassem";215;69;50;16
"2020";"Kaag en Braassem";218;79;33;15
"2018";"Kampen";463;136;128;37
"2019";"Kampen";398;135;110;30
"2020";"Kampen";476;134;91;26
"2018";"Kapelle";100;29;25;7
"2019";"Kapelle";111;34;28;10
"2020";"Kapelle";105;34;28;7
"2018";"Katwijk";578;192;131;55
"2019";"Katwijk";536;153;129;42
"2020";"Katwijk";614;196;135;32
"2018";"Kerkrade";667;169;197;60
"2019";"Kerkrade";658;169;193;54
"2020";"Kerkrade";732;183;174;80
"2018";"Kerkwijk";;;;
"2019";"Kerkwijk";;;;
"2020";"Kerkwijk";;;;
"2018";"Kessel";;;;
"2019";"Kessel";;;;
"2020";"Kessel";;;;
"2018";"Kesteren";;;;
"2019";"Kesteren";;;;
"2020";"Kesteren";;;;
"2018";"Klundert";;;;
"2019";"Klundert";;;;
"2020";"Klundert";;;;
"2018";"Koggenland";191;56;37;18
"2019";"Koggenland";187;57;46;16
"2020";"Koggenland";196;56;43;12
"2018";"Kollumerland en Nieuwkruisland";123;35;25;13
"2019";"Kollumerland en Nieuwkruisland";;;;
"2020";"Kollumerland en Nieuwkruisland";;;;
"2018";"Korendijk";101;43;12;8
"2019";"Korendijk";;;;
"2020";"Korendijk";;;;
"2018";"Krimpen aan den IJssel";288;93;71;20
"2019";"Krimpen aan den IJssel";283;86;74;20
"2020";"Krimpen aan den IJssel";352;90;73;10
"2018";"Krimpenerwaard";456;132;111;47
"2019";"Krimpenerwaard";475;164;115;34
"2020";"Krimpenerwaard";513;151;97;38
"2018";"Laarbeek";205;72;49;17
"2019";"Laarbeek";217;75;52;17
"2020";"Laarbeek";257;57;45;18
"2018";"Landerd";136;33;32;14
"2019";"Landerd";143;44;35;6
"2020";"Landerd";163;37;19;8
"2018";"Landgraaf";437;130;96;57
"2019";"Landgraaf";428;134;107;47
"2020";"Landgraaf";483;156;101;28
"2018";"Landsmeer";107;35;24;4
"2019";"Landsmeer";99;30;29;5
"2020";"Landsmeer";106;45;24;9
"2018";"Langedijk";195;71;42;16
"2019";"Langedijk";186;83;34;10
"2020";"Langedijk";205;60;47;13
"2018";"Lansingerland";384;151;81;19
"2019";"Lansingerland";389;145;74;38
"2020";"Lansingerland";423;108;79;26
"2018";"Laren (NH.)";222;29;62;21
"2019";"Laren (NH.)";234;58;59;19
"2020";"Laren (NH.)";289;62;61;16
"2018";"Leek";195;60;48;20
"2019";"Leek";;;;
"2020";"Leek";;;;
"2018";"Leende";;;;
"2019";"Leende";;;;
"2020";"Leende";;;;
"2018";"Leerdam";226;61;45;20
"2019";"Leerdam";;;;
"2020";"Leerdam";;;;
"2018";"Leersum";;;;
"2019";"Leersum";;;;
"2020";"Leersum";;;;
"2018";"Leeuwarden";1050;305;247;105
"2019";"Leeuwarden";1181;355;292;86
"2020";"Leeuwarden";1100;331;255;75
"2018";"Leeuwarderadeel";;;;
"2019";"Leeuwarderadeel";;;;
"2020";"Leeuwarderadeel";;;;
"2018";"Leiden";956;286;187;88
"2019";"Leiden";992;266;217;101
"2020";"Leiden";1008;294;189;58
"2018";"Leiderdorp";263;77;58;31
"2019";"Leiderdorp";239;74;52;34
"2020";"Leiderdorp";249;76;63;13
"2018";"Leidschendam";;;;
"2019";"Leidschendam";;;;
"2020";"Leidschendam";;;;
"2018";"Leidschendam-Voorburg";682;218;168;51
"2019";"Leidschendam-Voorburg";755;272;190;62
"2020";"Leidschendam-Voorburg";806;228;162;48
"2018";"Lelystad";589;190;140;69
"2019";"Lelystad";599;211;146;51
"2020";"Lelystad";683;203;128;50
"2018";"Lemsterland";;;;
"2019";"Lemsterland";;;;
"2020";"Lemsterland";;;;
"2018";"Leudal";393;110;104;44
"2019";"Leudal";362;112;85;32
"2020";"Leudal";451;107;96;33
"2018";"Leusden";255;72;64;20
"2019";"Leusden";235;59;69;14
"2020";"Leusden";254;73;45;13
"2018";"Lichtenvoorde";;;;
"2019";"Lichtenvoorde";;;;
"2020";"Lichtenvoorde";;;;
"2018";"Liemeer";;;;
"2019";"Liemeer";;;;
"2020";"Liemeer";;;;
"2018";"Lienden";;;;
"2019";"Lienden";;;;
"2020";"Lienden";;;;
"2018";"De Lier";;;;
"2019";"De Lier";;;;
"2020";"De Lier";;;;
"2018";"Lieshout";;;;
"2019";"Lieshout";;;;
"2020";"Lieshout";;;;
"2018";"Liesveld";;;;
"2019";"Liesveld";;;;
"2020";"Liesveld";;;;
"2018";"Limmen";;;;
"2019";"Limmen";;;;
"2020";"Limmen";;;;
"2018";"Lingewaal";85;26;25;7
"2019";"Lingewaal";;;;
"2020";"Lingewaal";;;;
"2018";"Lingewaard";401;142;92;42
"2019";"Lingewaard";381;137;80;19
"2020";"Lingewaard";430;120;106;33
"2018";"Lisse";201;62;53;20
"2019";"Lisse";187;57;51;14
"2020";"Lisse";231;80;53;12
"2018";"Lith";;;;
"2019";"Lith";;;;
"2020";"Lith";;;;
"2018";"Littenseradiel";;;;
"2019";"Littenseradiel";;;;
"2020";"Littenseradiel";;;;
"2018";"Lochem";382;109;96;28
"2019";"Lochem";401;109;99;34
"2020";"Lochem";445;127;99;23
"2018";"Loenen";;;;
"2019";"Loenen";;;;
"2020";"Loenen";;;;
"2018";"Loon op Zand";249;86;67;19
"2019";"Loon op Zand";220;70;55;15
"2020";"Loon op Zand";274;60;50;22
"2018";"Loosdrecht";;;;
"2019";"Loosdrecht";;;;
"2020";"Loosdrecht";;;;
"2018";"Lopik";81;26;19;8
"2019";"Lopik";86;32;19;6
"2020";"Lopik";89;27;15;8
"2018";"Loppersum";87;29;23;10
"2019";"Loppersum";89;28;32;3
"2020";"Loppersum";69;21;18;8
"2018";"Losser";203;56;61;24
"2019";"Losser";223;85;55;13
"2020";"Losser";261;76;65;19
"2018";"Luyksgestel";;;;
"2019";"Luyksgestel";;;;
"2020";"Luyksgestel";;;;
"2018";"Maarheeze";;;;
"2019";"Maarheeze";;;;
"2020";"Maarheeze";;;;
"2018";"Maarn";;;;
"2019";"Maarn";;;;
"2020";"Maarn";;;;
"2018";"Maarssen";;;;
"2019";"Maarssen";;;;
"2020";"Maarssen";;;;
"2018";"Maartensdijk";;;;
"2019";"Maartensdijk";;;;
"2020";"Maartensdijk";;;;
"2018";"Maasbracht";;;;
"2019";"Maasbracht";;;;
"2020";"Maasbracht";;;;
"2018";"Maasbree";;;;
"2019";"Maasbree";;;;
"2020";"Maasbree";;;;
"2018";"Maasdonk";;;;
"2019";"Maasdonk";;;;
"2020";"Maasdonk";;;;
"2018";"Maasdriel";226;67;55;21
"2019";"Maasdriel";208;74;44;14
"2020";"Maasdriel";234;63;61;14
"2018";"Maasgouw";273;83;61;40
"2019";"Maasgouw";274;77;64;25
"2020";"Maasgouw";324;73;77;27
"2018";"Maasland";;;;
"2019";"Maasland";;;;
"2020";"Maasland";;;;
"2018";"Maassluis";330;104;81;29
"2019";"Maassluis";329;94;70;31
"2020";"Maassluis";363;126;64;13
"2018";"Maastricht";1225;353;324;97
"2019";"Maastricht";1298;378;316;116
"2020";"Maastricht";1482;373;319;99
"2018";"Made";;;;
"2019";"Made";;;;
"2020";"Made";;;;
"2018";"Made en Drimmelen";;;;
"2019";"Made en Drimmelen";;;;
"2020";"Made en Drimmelen";;;;
"2018";"Margraten";;;;
"2019";"Margraten";;;;
"2020";"Margraten";;;;
"2018";"Mariekerke";;;;
"2019";"Mariekerke";;;;
"2020";"Mariekerke";;;;
"2018";"Markelo";;;;
"2019";"Markelo";;;;
"2020";"Markelo";;;;
"2018";"De Marne";113;44;21;8
"2019";"De Marne";;;;
"2020";"De Marne";;;;
"2018";"Marum";101;33;28;7
"2019";"Marum";;;;
"2020";"Marum";;;;
"2018";"Maurik";;;;
"2019";"Maurik";;;;
"2020";"Maurik";;;;
"2018";"Medemblik";365;123;74;30
"2019";"Medemblik";400;127;78;24
"2020";"Medemblik";421;143;86;28
"2018";"Meerlo-Wanssum";;;;
"2019";"Meerlo-Wanssum";;;;
"2020";"Meerlo-Wanssum";;;;
"2018";"Meerssen";229;75;52;23
"2019";"Meerssen";217;72;62;17
"2020";"Meerssen";264;66;53;23
"2018";"Meierijstad";685;213;190;43
"2019";"Meierijstad";720;247;172;58
"2020";"Meierijstad";917;230;170;39
"2018";"Meijel";;;;
"2019";"Meijel";;;;
"2020";"Meijel";;;;
"2018";"Menaldumadeel";;;;
"2019";"Menaldumadeel";;;;
"2020";"Menaldumadeel";;;;
"2018";"Menameradiel";;;;
"2019";"Menameradiel";;;;
"2020";"Menameradiel";;;;
"2018";"Menterwolde";;;;
"2019";"Menterwolde";;;;
"2020";"Menterwolde";;;;
"2018";"Meppel";339;102;103;22
"2019";"Meppel";333;100;76;28
"2020";"Meppel";322;101;76;20
"2018";"Middelburg (Z.)";478;146;128;43
"2019";"Middelburg (Z.)";492;144;125;36
"2020";"Middelburg (Z.)";438;108;97;32
"2018";"Middelharnis";;;;
"2019";"Middelharnis";;;;
"2020";"Middelharnis";;;;
"2018";"Midden-Delfland";129;43;28;10
"2019";"Midden-Delfland";139;37;31;12
"2020";"Midden-Delfland";137;38;30;13
"2018";"Midden-Drenthe";339;99;93;32
"2019";"Midden-Drenthe";367;119;108;26
"2020";"Midden-Drenthe";371;120;110;23
"2018";"Midden-Groningen";619;208;161;53
"2019";"Midden-Groningen";580;223;141;48
"2020";"Midden-Groningen";605;210;145;41
"2018";"Middenschouwen";;;;
"2019";"Middenschouwen";;;;
"2020";"Middenschouwen";;;;
"2018";"Middenveld";;;;
"2019";"Middenveld";;;;
"2020";"Middenveld";;;;
"2018";"Mierlo";;;;
"2019";"Mierlo";;;;
"2020";"Mierlo";;;;
"2018";"Mill en Sint Hubert";98;34;25;10
"2019";"Mill en Sint Hubert";92;30;28;9
"2020";"Mill en Sint Hubert";125;33;28;10
"2018";"Millingen aan de Rijn";;;;
"2019";"Millingen aan de Rijn";;;;
"2020";"Millingen aan de Rijn";;;;
"2018";"Moerdijk";380;105;101;56
"2019";"Moerdijk";370;119;89;39
"2020";"Moerdijk";395;121;80;25
"2018";"Moergestel";;;;
"2019";"Moergestel";;;;
"2020";"Moergestel";;;;
"2018";"Molenlanden";;;;
"2019";"Molenlanden";323;110;91;18
"2020";"Molenlanden";305;91;74;14
"2018";"Molenwaard";203;56;57;16
"2019";"Molenwaard";;;;
"2020";"Molenwaard";;;;
"2018";"Monster";;;;
"2019";"Monster";;;;
"2020";"Monster";;;;
"2018";"Montferland";347;117;82;37
"2019";"Montferland";399;126;101;30
"2020";"Montferland";405;136;106;23
"2018";"Montfoort";83;29;20;7
"2019";"Montfoort";90;41;17;6
"2020";"Montfoort";89;34;16;5
"2018";"Mook en Middelaar";54;23;13;6
"2019";"Mook en Middelaar";66;30;18;2
"2020";"Mook en Middelaar";69;20;15;4
"2018";"Moordrecht";;;;
"2019";"Moordrecht";;;;
"2020";"Moordrecht";;;;
"2018";"Muiden";;;;
"2019";"Muiden";;;;
"2020";"Muiden";;;;
"2018";"Naaldwijk";;;;
"2019";"Naaldwijk";;;;
"2020";"Naaldwijk";;;;
"2018";"Naarden";;;;
"2019";"Naarden";;;;
"2020";"Naarden";;;;
"2018";"Neder-Betuwe";182;62;53;18
"2019";"Neder-Betuwe";184;61;49;16
"2020";"Neder-Betuwe";210;52;46;20
"2018";"Nederhorst den Berg";;;;
"2019";"Nederhorst den Berg";;;;
"2020";"Nederhorst den Berg";;;;
"2018";"Nederlek";;;;
"2019";"Nederlek";;;;
"2020";"Nederlek";;;;
"2018";"Nederweert";146;55;30;19
"2019";"Nederweert";125;32;30;13
"2020";"Nederweert";172;45;35;12
"2018";"Neede";;;;
"2019";"Neede";;;;
"2020";"Neede";;;;
"2018";"Neerijnen";98;32;20;11
"2019";"Neerijnen";;;;
"2020";"Neerijnen";;;;
"2018";"Niedorp";;;;
"2019";"Niedorp";;;;
"2020";"Niedorp";;;;
"2018";"Nieuwegein";454;161;110;34
"2019";"Nieuwegein";434;168;103;27
"2020";"Nieuwegein";454;158;92;35
"2018";"Nieuwerkerk aan den IJssel";;;;
"2019";"Nieuwerkerk aan den IJssel";;;;
"2020";"Nieuwerkerk aan den IJssel";;;;
"2018";"Nieuw-Ginneken";;;;
"2019";"Nieuw-Ginneken";;;;
"2020";"Nieuw-Ginneken";;;;
"2018";"Nieuwkoop";220;82;56;12
"2019";"Nieuwkoop";202;61;43;18
"2020";"Nieuwkoop";264;87;53;12
"2018";"Nieuw-Lekkerland";;;;
"2019";"Nieuw-Lekkerland";;;;
"2020";"Nieuw-Lekkerland";;;;
"2018";"Nieuwleusen";;;;
"2019";"Nieuwleusen";;;;
"2020";"Nieuwleusen";;;;
"2018";"Nieuw-Vossemeer";;;;
"2019";"Nieuw-Vossemeer";;;;
"2020";"Nieuw-Vossemeer";;;;
"2018";"Nijefurd";;;;
"2019";"Nijefurd";;;;
"2020";"Nijefurd";;;;
"2018";"Nijeveen";;;;
"2019";"Nijeveen";;;;
"2020";"Nijeveen";;;;
"2018";"Nijkerk";284;98;59;28
"2019";"Nijkerk";314;106;82;23
"2020";"Nijkerk";299;104;69;18
"2018";"Nijmegen";1392;431;317;121
"2019";"Nijmegen";1352;455;325;119
"2020";"Nijmegen";1555;452;342;99
"2018";"Nissewaard";662;227;160;67
"2019";"Nissewaard";710;270;146;53
"2020";"Nissewaard";784;253;172;34
"2018";"Noardeast-Fryslân";;;;
"2019";"Noardeast-Fryslân";415;132;112;35
"2020";"Noardeast-Fryslân";485;146;125;23
"2018";"Noord-Beveland";81;24;23;6
"2019";"Noord-Beveland";83;28;19;7
"2020";"Noord-Beveland";86;23;22;5
"2018";"Noordenveld";331;115;86;34
"2019";"Noordenveld";318;97;83;33
"2020";"Noordenveld";369;118;86;27
"2018";"Noorder-Koggenland";;;;
"2019";"Noorder-Koggenland";;;;
"2020";"Noorder-Koggenland";;;;
"2018";"Noordoostpolder";353;106;110;26
"2019";"Noordoostpolder";355;122;92;23
"2020";"Noordoostpolder";393;118;95;19
"2018";"Noordwijk";282;92;66;31
"2019";"Noordwijk";385;130;89;31
"2020";"Noordwijk";415;116;99;25
"2018";"Noordwijkerhout";140;50;31;11
"2019";"Noordwijkerhout";;;;
"2020";"Noordwijkerhout";;;;
"2018";"Nootdorp";;;;
"2019";"Nootdorp";;;;
"2020";"Nootdorp";;;;
"2018";"Norg";;;;
"2019";"Norg";;;;
"2020";"Norg";;;;
"2018";"Nuenen, Gerwen en Nederwetten";228;76;52;23
"2019";"Nuenen, Gerwen en Nederwetten";189;72;43;8
"2020";"Nuenen, Gerwen en Nederwetten";211;57;44;14
"2018";"Nunspeet";256;78;73;18
"2019";"Nunspeet";246;61;78;19
"2020";"Nunspeet";345;80;75;18
"2018";"Nuth";163;57;35;21
"2019";"Nuth";;;;
"2020";"Nuth";;;;
"2018";"Obdam";;;;
"2019";"Obdam";;;;
"2020";"Obdam";;;;
"2018";"Odoorn";;;;
"2019";"Odoorn";;;;
"2020";"Odoorn";;;;
"2018";"Oegstgeest";242;62;44;26
"2019";"Oegstgeest";205;62;57;14
"2020";"Oegstgeest";266;71;65;9
"2018";"Oirschot";179;60;41;20
"2019";"Oirschot";187;52;56;11
"2020";"Oirschot";225;57;48;16
"2018";"Oisterwijk";285;94;66;25
"2019";"Oisterwijk";293;90;65;28
"2020";"Oisterwijk";284;92;52;17
"2018";"Oldambt";527;175;125;55
"2019";"Oldambt";456;151;111;38
"2020";"Oldambt";495;150;136;35
"2018";"Oldebroek";196;68;53;16
"2019";"Oldebroek";173;56;50;10
"2020";"Oldebroek";244;67;42;18
"2018";"Oldenzaal";294;78;83;37
"2019";"Oldenzaal";347;115;98;37
"2020";"Oldenzaal";350;91;89;22
"2018";"Olst";;;;
"2019";"Olst";;;;
"2020";"Olst";;;;
"2018";"Olst-Wijhe";169;40;43;20
"2019";"Olst-Wijhe";174;52;41;15
"2020";"Olst-Wijhe";199;49;50;12
"2018";"Ommen";160;50;46;14
"2019";"Ommen";139;38;26;20
"2020";"Ommen";181;56;39;11
"2018";"Onderbanken";79;22;16;7
"2019";"Onderbanken";;;;
"2020";"Onderbanken";;;;
"2018";"Oost Gelre";268;84;74;27
"2019";"Oost Gelre";294;89;68;22
"2020";"Oost Gelre";316;104;63;18
"2018";"Oost-, West- en Middelbeers";;;;
"2019";"Oost-, West- en Middelbeers";;;;
"2020";"Oost-, West- en Middelbeers";;;;
"2018";"Oostburg";;;;
"2019";"Oostburg";;;;
"2020";"Oostburg";;;;
"2018";"Oosterhesselen";;;;
"2019";"Oosterhesselen";;;;
"2020";"Oosterhesselen";;;;
"2018";"Oosterhout";531;165;153;47
"2019";"Oosterhout";500;173;144;38
"2020";"Oosterhout";582;173;132;38
"2018";"Oostflakkee";;;;
"2019";"Oostflakkee";;;;
"2020";"Oostflakkee";;;;
"2018";"Ooststellingwerf";296;76;86;20
"2019";"Ooststellingwerf";280;74;70;23
"2020";"Ooststellingwerf";276;72;75;21
"2018";"Oostzaan";75;22;13;2
"2019";"Oostzaan";76;27;13;7
"2020";"Oostzaan";91;28;21;7
"2018";"Ootmarsum";;;;
"2019";"Ootmarsum";;;;
"2020";"Ootmarsum";;;;
"2018";"Opmeer";91;25;22;12
"2019";"Opmeer";90;29;22;7
"2020";"Opmeer";97;31;14;6
"2018";"Opsterland";275;82;69;27
"2019";"Opsterland";274;76;73;23
"2020";"Opsterland";290;86;79;14
"2018";"Oss";781;265;182;76
"2019";"Oss";758;249;203;58
"2020";"Oss";924;246;188;50
"2018";"Ossendrecht";;;;
"2019";"Ossendrecht";;;;
"2020";"Ossendrecht";;;;
"2018";"Oud en Nieuw Gastel";;;;
"2019";"Oud en Nieuw Gastel";;;;
"2020";"Oud en Nieuw Gastel";;;;
"2018";"Oud-Beijerland";209;62;55;17
"2019";"Oud-Beijerland";;;;
"2020";"Oud-Beijerland";;;;
"2018";"Oude IJsselstreek";492;142;146;46
"2019";"Oude IJsselstreek";468;113;132;46
"2020";"Oude IJsselstreek";524;127;129;40
"2018";"Oudenbosch";;;;
"2019";"Oudenbosch";;;;
"2020";"Oudenbosch";;;;
"2018";"Ouder-Amstel";113;39;31;10
"2019";"Ouder-Amstel";97;42;18;7
"2020";"Ouder-Amstel";92;22;26;3
"2018";"Ouderkerk";;;;
"2019";"Ouderkerk";;;;
"2020";"Ouderkerk";;;;
"2018";"Oudewater";92;27;26;12
"2019";"Oudewater";82;21;23;6
"2020";"Oudewater";86;18;26;6
"2018";"Overbetuwe";345;125;69;38
"2019";"Overbetuwe";364;130;89;38
"2020";"Overbetuwe";404;123;85;27
"2018";"Papendrecht";292;96;83;24
"2019";"Papendrecht";265;88;55;21
"2020";"Papendrecht";321;102;67;18
"2018";"Peel en Maas";377;111;108;40
"2019";"Peel en Maas";402;132;112;44
"2020";"Peel en Maas";505;117;107;27
"2018";"Peize";;;;
"2019";"Peize";;;;
"2020";"Peize";;;;
"2018";"Pekela";116;23;28;13
"2019";"Pekela";117;34;34;10
"2020";"Pekela";111;33;28;7
"2018";"Pijnacker";;;;
"2019";"Pijnacker";;;;
"2020";"Pijnacker";;;;
"2018";"Pijnacker-Nootdorp";298;95;67;17
"2019";"Pijnacker-Nootdorp";316;95;75;21
"2020";"Pijnacker-Nootdorp";323;95;64;15
"2018";"Prinsenbeek";;;;
"2019";"Prinsenbeek";;;;
"2020";"Prinsenbeek";;;;
"2018";"Purmerend";774;243;174;71
"2019";"Purmerend";773;248;163;70
"2020";"Purmerend";803;231;178;46
"2018";"Putte";;;;
"2019";"Putte";;;;
"2020";"Putte";;;;
"2018";"Putten";216;61;57;22
"2019";"Putten";204;70;49;17
"2020";"Putten";225;72;54;8
"2018";"Raalte";389;128;93;38
"2019";"Raalte";362;124;75;38
"2020";"Raalte";395;117;83;28
"2018";"Raamsdonk";;;;
"2019";"Raamsdonk";;;;
"2020";"Raamsdonk";;;;
"2018";"Ravenstein";;;;
"2019";"Ravenstein";;;;
"2020";"Ravenstein";;;;
"2018";"Reeuwijk";;;;
"2019";"Reeuwijk";;;;
"2020";"Reeuwijk";;;;
"2018";"Reiderland";;;;
"2019";"Reiderland";;;;
"2020";"Reiderland";;;;
"2018";"Reimerswaal";183;60;49;23
"2019";"Reimerswaal";157;52;33;13
"2020";"Reimerswaal";177;49;27;20
"2018";"Renkum";393;120;90;31
"2019";"Renkum";375;105;100;39
"2020";"Renkum";461;130;118;28
"2018";"Renswoude";20;6;4;2
"2019";"Renswoude";30;7;11;1
"2020";"Renswoude";34;9;4;3
"2018";"Reusel";;;;
"2019";"Reusel";;;;
"2020";"Reusel";;;;
"2018";"Reusel-De Mierden";99;40;17;11
"2019";"Reusel-De Mierden";77;23;24;3
"2020";"Reusel-De Mierden";109;31;25;5
"2018";"Rheden";610;166;150;53
"2019";"Rheden";609;172;147;49
"2020";"Rheden";639;186;147;40
"2018";"Rhenen";181;54;55;17
"2019";"Rhenen";161;50;47;18
"2020";"Rhenen";195;50;51;17
"2018";"Ridderkerk";498;155;102;50
"2019";"Ridderkerk";488;154;128;35
"2020";"Ridderkerk";632;172;142;27
"2018";"Riethoven";;;;
"2019";"Riethoven";;;;
"2020";"Riethoven";;;;
"2018";"Rijnsburg";;;;
"2019";"Rijnsburg";;;;
"2020";"Rijnsburg";;;;
"2018";"Rijnwaarden";;;;
"2019";"Rijnwaarden";;;;
"2020";"Rijnwaarden";;;;
"2018";"Rijnwoude";;;;
"2019";"Rijnwoude";;;;
"2020";"Rijnwoude";;;;
"2018";"Rijsbergen";;;;
"2019";"Rijsbergen";;;;
"2020";"Rijsbergen";;;;
"2018";"Rijssen";;;;
"2019";"Rijssen";;;;
"2020";"Rijssen";;;;
"2018";"Rijssen-Holten";320;102;92;31
"2019";"Rijssen-Holten";307;93;83;30
"2020";"Rijssen-Holten";375;105;76;18
"2018";"Rijswijk (ZH.)";608;170;128;57
"2019";"Rijswijk (ZH.)";587;158;148;43
"2020";"Rijswijk (ZH.)";677;151;165;52
"2018";"Roden";;;;
"2019";"Roden";;;;
"2020";"Roden";;;;
"2018";"Roerdalen";223;68;57;23
"2019";"Roerdalen";201;70;52;10
"2020";"Roerdalen";226;61;54;12
"2018";"Roermond";543;158;133;67
"2019";"Roermond";603;168;167;50
"2020";"Roermond";634;177;141;53
"2018";"Roggel en Neer";;;;
"2019";"Roggel en Neer";;;;
"2020";"Roggel en Neer";;;;
"2018";"Rolde";;;;
"2019";"Rolde";;;;
"2020";"Rolde";;;;
"2018";"De Ronde Venen";393;123;109;38
"2019";"De Ronde Venen";374;124;90;24
"2020";"De Ronde Venen";355;105;90;16
"2018";"Roosendaal";789;226;163;91
"2019";"Roosendaal";788;243;174;74
"2020";"Roosendaal";798;208;177;48
"2018";"Roosendaal en Nispen";;;;
"2019";"Roosendaal en Nispen";;;;
"2020";"Roosendaal en Nispen";;;;
"2018";"Rossum";;;;
"2019";"Rossum";;;;
"2020";"Rossum";;;;
"2018";"Rotterdam";5604;1603;1359;515
"2019";"Rotterdam";5464;1518;1280;489
"2020";"Rotterdam";6537;1585;1237;420
"2018";"Rozenburg";;;;
"2019";"Rozenburg";;;;
"2020";"Rozenburg";;;;
"2018";"Rozendaal";18;3;4;3
"2019";"Rozendaal";11;4;2;1
"2020";"Rozendaal";14;3;7;0
"2018";"Rucphen";261;90;67;29
"2019";"Rucphen";250;87;56;24
"2020";"Rucphen";276;82;64;26
"2018";"Ruinen";;;;
"2019";"Ruinen";;;;
"2020";"Ruinen";;;;
"2018";"Ruinerwold";;;;
"2019";"Ruinerwold";;;;
"2020";"Ruinerwold";;;;
"2018";"Ruurlo";;;;
"2019";"Ruurlo";;;;
"2020";"Ruurlo";;;;
"2018";"Sas van Gent";;;;
"2019";"Sas van Gent";;;;
"2020";"Sas van Gent";;;;
"2018";"Sassenheim";;;;
"2019";"Sassenheim";;;;
"2020";"Sassenheim";;;;
"2018";"Schagen";455;139;91;38
"2019";"Schagen";465;143;103;37
"2020";"Schagen";469;151;93;27
"2018";"Scheemda";;;;
"2019";"Scheemda";;;;
"2020";"Scheemda";;;;
"2018";"Schermer";;;;
"2019";"Schermer";;;;
"2020";"Schermer";;;;
"2018";"Scherpenzeel";73;22;20;12
"2019";"Scherpenzeel";81;27;15;7
"2020";"Scherpenzeel";92;22;25;9
"2018";"Schiedam";789;226;168;86
"2019";"Schiedam";789;258;175;62
"2020";"Schiedam";793;214;160;63
"2018";"Schiermonnikoog";15;8;3;0
"2019";"Schiermonnikoog";8;2;3;2
"2020";"Schiermonnikoog";14;6;4;0
"2018";"Schijndel";;;;
"2019";"Schijndel";;;;
"2020";"Schijndel";;;;
"2018";"Schinnen";170;39;47;19
"2019";"Schinnen";;;;
"2020";"Schinnen";;;;
"2018";"Schipluiden";;;;
"2019";"Schipluiden";;;;
"2020";"Schipluiden";;;;
"2018";"Schoonebeek";;;;
"2019";"Schoonebeek";;;;
"2020";"Schoonebeek";;;;
"2018";"Schoonhoven";;;;
"2019";"Schoonhoven";;;;
"2020";"Schoonhoven";;;;
"2018";"Schoorl";;;;
"2019";"Schoorl";;;;
"2020";"Schoorl";;;;
"2018";"Schouwen-Duiveland";372;108;104;30
"2019";"Schouwen-Duiveland";391;131;106;28
"2020";"Schouwen-Duiveland";392;126;93;22
"2018";"Sevenum";;;;
"2019";"Sevenum";;;;
"2020";"Sevenum";;;;
"2018";"Simpelveld";101;29;26;7
"2019";"Simpelveld";79;36;11;10
"2020";"Simpelveld";92;34;25;6
"2018";"Sint Anthonis";100;35;32;3
"2019";"Sint Anthonis";105;31;36;10
"2020";"Sint Anthonis";115;22;27;8
"2018";"Sint-Michielsgestel";280;96;76;24
"2019";"Sint-Michielsgestel";279;78;77;30
"2020";"Sint-Michielsgestel";288;84;56;21
"2018";"Sint-Oedenrode";;;;
"2019";"Sint-Oedenrode";;;;
"2020";"Sint-Oedenrode";;;;
"2018";"Sittard";;;;
"2019";"Sittard";;;;
"2020";"Sittard";;;;
"2018";"Sittard-Geleen";1050;303;256;112
"2019";"Sittard-Geleen";1175;327;321;112
"2020";"Sittard-Geleen";1297;306;302;114
"2018";"Skarsterlân";;;;
"2019";"Skarsterlân";;;;
"2020";"Skarsterlân";;;;
"2018";"Sleen";;;;
"2019";"Sleen";;;;
"2020";"Sleen";;;;
"2018";"Sliedrecht";296;92;69;24
"2019";"Sliedrecht";252;67;62;22
"2020";"Sliedrecht";337;82;75;27
"2018";"Slochteren";;;;
"2019";"Slochteren";;;;
"2020";"Slochteren";;;;
"2018";"Sluis";279;69;76;23
"2019";"Sluis";299;91;66;24
"2020";"Sluis";317;73;68;18
"2018";"Sluis-Aardenburg";;;;
"2019";"Sluis-Aardenburg";;;;
"2020";"Sluis-Aardenburg";;;;
"2018";"Smallingerland";483;156;132;50
"2019";"Smallingerland";525;160;158;33
"2020";"Smallingerland";518;172;115;35
"2018";"Smilde";;;;
"2019";"Smilde";;;;
"2020";"Smilde";;;;
"2018";"Sneek";;;;
"2019";"Sneek";;;;
"2020";"Sneek";;;;
"2018";"Soest";455;148;118;35
"2019";"Soest";424;141;96;30
"2020";"Soest";490;137;110;37
"2018";"Someren";161;47;42;21
"2019";"Someren";157;50;48;12
"2020";"Someren";226;49;45;15
"2018";"Son en Breugel";160;54;30;13
"2019";"Son en Breugel";170;51;46;12
"2020";"Son en Breugel";201;66;42;10
"2018";"Spijkenisse";;;;
"2019";"Spijkenisse";;;;
"2020";"Spijkenisse";;;;
"2018";"Sprang-Capelle";;;;
"2019";"Sprang-Capelle";;;;
"2020";"Sprang-Capelle";;;;
"2018";"Stad Delden";;;;
"2019";"Stad Delden";;;;
"2020";"Stad Delden";;;;
"2018";"Stadskanaal";429;118;137;41
"2019";"Stadskanaal";427;145;127;42
"2020";"Stadskanaal";440;112;115;32
"2018";"Standdaarbuiten";;;;
"2019";"Standdaarbuiten";;;;
"2020";"Standdaarbuiten";;;;
"2018";"Staphorst";128;33;37;13
"2019";"Staphorst";113;39;32;9
"2020";"Staphorst";125;35;32;2
"2018";"Stede Broec";185;57;42;21
"2019";"Stede Broec";200;60;56;13
"2020";"Stede Broec";188;63;37;7
"2018";"Steenbergen";238;74;58;23
"2019";"Steenbergen";256;83;58;19
"2020";"Steenbergen";250;60;38;18
"2018";"Steenderen";;;;
"2019";"Steenderen";;;;
"2020";"Steenderen";;;;
"2018";"Steenwijk";;;;
"2019";"Steenwijk";;;;
"2020";"Steenwijk";;;;
"2018";"Steenwijkerland";428;143;92;54
"2019";"Steenwijkerland";469;145;128;36
"2020";"Steenwijkerland";444;136;123;26
"2018";"Stein (L.)";275;94;71;27
"2019";"Stein (L.)";243;83;53;23
"2020";"Stein (L.)";307;85;83;14
"2018";"Stichtse Vecht";547;180;146;35
"2019";"Stichtse Vecht";514;182;113;45
"2020";"Stichtse Vecht";608;180;124;38
"2018";"Stramproy";;;;
"2019";"Stramproy";;;;
"2020";"Stramproy";;;;
"2018";"Strijen";86;41;17;5
"2019";"Strijen";;;;
"2020";"Strijen";;;;
"2018";"Súdwest-Fryslân";900;280;242;70
"2019";"Súdwest-Fryslân";884;289;237;71
"2020";"Súdwest-Fryslân";914;293;216;47
"2018";"Susteren";;;;
"2019";"Susteren";;;;
"2020";"Susteren";;;;
"2018";"Swalmen";;;;
"2019";"Swalmen";;;;
"2020";"Swalmen";;;;
"2018";"Tegelen";;;;
"2019";"Tegelen";;;;
"2020";"Tegelen";;;;
"2018";"Terheijden";;;;
"2019";"Terheijden";;;;
"2020";"Terheijden";;;;
"2018";"Terneuzen";642;155;208;43
"2019";"Terneuzen";645;198;172;48
"2020";"Terneuzen";667;179;181;39
"2018";"Terschelling";42;12;20;3
"2019";"Terschelling";38;16;12;3
"2020";"Terschelling";40;8;14;6
"2018";"Teteringen";;;;
"2019";"Teteringen";;;;
"2020";"Teteringen";;;;
"2018";"Texel";148;46;39;13
"2019";"Texel";139;52;41;5
"2020";"Texel";137;56;38;8
"2018";"Teylingen";280;87;76;29
"2019";"Teylingen";308;99;85;18
"2020";"Teylingen";320;92;61;27
"2018";"Tholen";230;67;54;14
"2019";"Tholen";208;61;47;14
"2020";"Tholen";265;73;46;13
"2018";"Thorn";;;;
"2019";"Thorn";;;;
"2020";"Thorn";;;;
"2018";"Tiel";350;101;79;36
"2019";"Tiel";358;105;73;29
"2020";"Tiel";429;122;82;33
"2018";"Tilburg";1886;572;463;190
"2019";"Tilburg";1814;557;466;163
"2020";"Tilburg";2219;571;426;155
"2018";"Tubbergen";197;62;49;20
"2019";"Tubbergen";192;54;48;16
"2020";"Tubbergen";213;60;56;2
"2018";"Twenterand";314;80;79;32
"2019";"Twenterand";323;88;87;32
"2020";"Twenterand";325;97;81;20
"2018";"Tynaarlo";417;120;92;40
"2019";"Tynaarlo";365;111;94;28
"2020";"Tynaarlo";455;125;110;22
"2018";"Tytsjerksteradiel";361;109;108;26
"2019";"Tytsjerksteradiel";322;95;77;27
"2020";"Tytsjerksteradiel";337;104;94;19
"2018";"Ubbergen";;;;
"2019";"Ubbergen";;;;
"2020";"Ubbergen";;;;
"2018";"Uden";386;124;99;36
"2019";"Uden";370;117;96;25
"2020";"Uden";472;119;94;26
"2018";"Udenhout";;;;
"2019";"Udenhout";;;;
"2020";"Udenhout";;;;
"2018";"Uitgeest";95;30;24;10
"2019";"Uitgeest";79;31;17;8
"2020";"Uitgeest";102;35;29;6
"2018";"Uithoorn";222;73;56;12
"2019";"Uithoorn";211;82;43;13
"2020";"Uithoorn";237;85;52;10
"2018";"Urk";108;34;28;8
"2019";"Urk";88;27;24;5
"2020";"Urk";132;27;30;2
"2018";"Utrecht (gemeente)";1838;567;407;169
"2019";"Utrecht (gemeente)";1923;575;429;161
"2020";"Utrecht (gemeente)";2068;575;367;138
"2018";"Utrechtse Heuvelrug";517;131;153;53
"2019";"Utrechtse Heuvelrug";600;163;173;38
"2020";"Utrechtse Heuvelrug";632;159;152;45
"2018";"Vaals";123;38;28;12
"2019";"Vaals";109;19;31;16
"2020";"Vaals";133;32;24;10
"2018";"Valburg";;;;
"2019";"Valburg";;;;
"2020";"Valburg";;;;
"2018";"Valkenburg (ZH.)";;;;
"2019";"Valkenburg (ZH.)";;;;
"2020";"Valkenburg (ZH.)";;;;
"2018";"Valkenburg aan de Geul";213;59;54;17
"2019";"Valkenburg aan de Geul";229;65;48;20
"2020";"Valkenburg aan de Geul";244;53;54;18
"2018";"Valkenisse";;;;
"2019";"Valkenisse";;;;
"2020";"Valkenisse";;;;
"2018";"Valkenswaard";356;107;108;34
"2019";"Valkenswaard";357;118;103;21
"2020";"Valkenswaard";390;90;84;27
"2018";"Veendam";309;89;94;23
"2019";"Veendam";318;103;87;27
"2020";"Veendam";310;98;83;21
"2018";"Veenendaal";515;163;139;52
"2019";"Veenendaal";497;130;141;44
"2020";"Veenendaal";607;154;145;36
"2018";"Veere";229;79;55;22
"2019";"Veere";223;61;70;11
"2020";"Veere";213;63;57;9
"2018";"Veghel";;;;
"2019";"Veghel";;;;
"2020";"Veghel";;;;
"2018";"Veldhoven";367;128;93;28
"2019";"Veldhoven";384;136;89;30
"2020";"Veldhoven";405;115;84;23
"2018";"Velsen";667;189;167;65
"2019";"Velsen";702;208;167;74
"2020";"Velsen";762;195;177;45
"2018";"Venhuizen";;;;
"2019";"Venhuizen";;;;
"2020";"Venhuizen";;;;
"2018";"Venlo";970;318;238;89
"2019";"Venlo";971;316;238;89
"2020";"Venlo";1039;313;205;79
"2018";"Venray";363;116;94;34
"2019";"Venray";359;118;81;26
"2020";"Venray";416;116;101;29
"2018";"Vessem, Wintelre en Knegsel";;;;
"2019";"Vessem, Wintelre en Knegsel";;;;
"2020";"Vessem, Wintelre en Knegsel";;;;
"2018";"Vianen";190;44;39;18
"2019";"Vianen";;;;
"2020";"Vianen";;;;
"2018";"Vierlingsbeek";;;;
"2019";"Vierlingsbeek";;;;
"2020";"Vierlingsbeek";;;;
"2018";"Vijfheerenlanden";;;;
"2019";"Vijfheerenlanden";531;155;130;39
"2020";"Vijfheerenlanden";613;158;137;22
"2018";"Vlaardingen";773;243;205;70
"2019";"Vlaardingen";809;262;202;60
"2020";"Vlaardingen";830;222;180;51
"2018";"Vlagtwedde";;;;
"2019";"Vlagtwedde";;;;
"2020";"Vlagtwedde";;;;
"2018";"Vledder";;;;
"2019";"Vledder";;;;
"2020";"Vledder";;;;
"2018";"Vleuten-De Meern";;;;
"2019";"Vleuten-De Meern";;;;
"2020";"Vleuten-De Meern";;;;
"2018";"Vlieland";11;3;3;2
"2019";"Vlieland";11;3;6;0
"2020";"Vlieland";11;7;1;0
"2018";"Vlijmen";;;;
"2019";"Vlijmen";;;;
"2020";"Vlijmen";;;;
"2018";"Vlissingen";530;168;111;39
"2019";"Vlissingen";458;135;116;30
"2020";"Vlissingen";536;177;122;25
"2018";"Vlist";;;;
"2019";"Vlist";;;;
"2020";"Vlist";;;;
"2018";"Voerendaal";109;43;33;12
"2019";"Voerendaal";121;40;33;12
"2020";"Voerendaal";147;46;34;6
"2018";"Voorburg";;;;
"2019";"Voorburg";;;;
"2020";"Voorburg";;;;
"2018";"Voorhout";;;;
"2019";"Voorhout";;;;
"2020";"Voorhout";;;;
"2018";"Voorschoten";266;90;60;18
"2019";"Voorschoten";235;69;53;20
"2020";"Voorschoten";283;85;51;20
"2018";"Voorst";257;78;51;30
"2019";"Voorst";251;61;77;18
"2020";"Voorst";243;80;56;14
"2018";"Vorden";;;;
"2019";"Vorden";;;;
"2020";"Vorden";;;;
"2018";"Vries";;;;
"2019";"Vries";;;;
"2020";"Vries";;;;
"2018";"Vriezenveen";;;;
"2019";"Vriezenveen";;;;
"2020";"Vriezenveen";;;;
"2018";"Vught";302;76;75;20
"2019";"Vught";295;88;59;28
"2020";"Vught";370;84;70;21
"2018";"Waadhoeke";465;148;128;32
"2019";"Waadhoeke";439;156;127;30
"2020";"Waadhoeke";450;129;108;23
"2018";"Waalre";154;49;40;16
"2019";"Waalre";172;50;42;11
"2020";"Waalre";179;53;36;19
"2018";"Waalwijk";528;186;128;49
"2019";"Waalwijk";438;129;121;36
"2020";"Waalwijk";550;152;111;25
"2018";"Waddinxveen";196;85;49;11
"2019";"Waddinxveen";194;66;46;19
"2020";"Waddinxveen";194;70;47;8
"2018";"Wageningen";415;94;123;36
"2019";"Wageningen";395;96;83;37
"2020";"Wageningen";437;95;95;29
"2018";"Warmond";;;;
"2019";"Warmond";;;;
"2020";"Warmond";;;;
"2018";"Warnsveld";;;;
"2019";"Warnsveld";;;;
"2020";"Warnsveld";;;;
"2018";"Waspik";;;;
"2019";"Waspik";;;;
"2020";"Waspik";;;;
"2018";"Wassenaar";325;77;83;23
"2019";"Wassenaar";345;71;82;38
"2020";"Wassenaar";362;87;85;17
"2018";"Wateringen";;;;
"2019";"Wateringen";;;;
"2020";"Wateringen";;;;
"2018";"Waterland";163;53;35;12
"2019";"Waterland";156;58;36;16
"2020";"Waterland";182;61;39;11
"2018";"Weerselo";;;;
"2019";"Weerselo";;;;
"2020";"Weerselo";;;;
"2018";"Weert";473;149;99;47
"2019";"Weert";504;151;134;41
"2020";"Weert";579;176;130;37
"2018";"Weesp";181;48;41;14
"2019";"Weesp";225;70;44;10
"2020";"Weesp";227;47;50;15
"2018";"Wehl";;;;
"2019";"Wehl";;;;
"2020";"Wehl";;;;
"2018";"Werkendam";197;57;59;13
"2019";"Werkendam";;;;
"2020";"Werkendam";;;;
"2018";"Wervershoof";;;;
"2019";"Wervershoof";;;;
"2020";"Wervershoof";;;;
"2018";"West Betuwe";;;;
"2019";"West Betuwe";368;104;107;28
"2020";"West Betuwe";502;130;100;32
"2018";"West Maas en Waal";185;57;45;21
"2019";"West Maas en Waal";177;59;46;10
"2020";"West Maas en Waal";212;54;53;17
"2018";"Westerbork";;;;
"2019";"Westerbork";;;;
"2020";"Westerbork";;;;
"2018";"Westerhoven";;;;
"2019";"Westerhoven";;;;
"2020";"Westerhoven";;;;
"2018";"Wester-Koggenland";;;;
"2019";"Wester-Koggenland";;;;
"2020";"Wester-Koggenland";;;;
"2018";"Westerkwartier";;;;
"2019";"Westerkwartier";562;183;143;53
"2020";"Westerkwartier";592;172;145;41
"2018";"Westerschouwen";;;;
"2019";"Westerschouwen";;;;
"2020";"Westerschouwen";;;;
"2018";"Westerveld";216;62;51;18
"2019";"Westerveld";234;86;54;11
"2020";"Westerveld";242;71;76;18
"2018";"Westervoort";121;36;32;9
"2019";"Westervoort";105;42;17;14
"2020";"Westervoort";139;32;29;9
"2018";"Westerwolde";318;101;85;23
"2019";"Westerwolde";293;81;82;28
"2020";"Westerwolde";306;87;85;19
"2018";"Westkapelle";;;;
"2019";"Westkapelle";;;;
"2020";"Westkapelle";;;;
"2018";"Westland";782;237;187;65
"2019";"Westland";775;246;187;63
"2020";"Westland";962;292;182;56
"2018";"Weststellingwerf";296;86;86;28
"2019";"Weststellingwerf";286;84;86;23
"2020";"Weststellingwerf";330;88;93;27
"2018";"Westvoorne";163;50;35;11
"2019";"Westvoorne";160;52;42;10
"2020";"Westvoorne";175;55;40;12
"2018";"Wierden";215;65;61;24
"2019";"Wierden";222;63;58;23
"2020";"Wierden";220;65;55;8
"2018";"Wieringen";;;;
"2019";"Wieringen";;;;
"2020";"Wieringen";;;;
"2018";"Wieringermeer";;;;
"2019";"Wieringermeer";;;;
"2020";"Wieringermeer";;;;
"2018";"Wijchen";342;113;67;28
"2019";"Wijchen";346;124;66;31
"2020";"Wijchen";410;123;79;27
"2018";"Wijdemeren";252;94;50;22
"2019";"Wijdemeren";270;95;68;20
"2020";"Wijdemeren";251;79;67;18
"2018";"Wijhe";;;;
"2019";"Wijhe";;;;
"2020";"Wijhe";;;;
"2018";"De Wijk";;;;
"2019";"De Wijk";;;;
"2020";"De Wijk";;;;
"2018";"Wijk bij Duurstede";193;72;42;16
"2019";"Wijk bij Duurstede";166;61;41;13
"2020";"Wijk bij Duurstede";183;69;28;11
"2018";"Willemstad";;;;
"2019";"Willemstad";;;;
"2020";"Willemstad";;;;
"2018";"Winschoten";;;;
"2019";"Winschoten";;;;
"2020";"Winschoten";;;;
"2018";"Winsum";144;45;38;9
"2019";"Winsum";;;;
"2020";"Winsum";;;;
"2018";"Winterswijk";302;82;75;35
"2019";"Winterswijk";299;80;80;33
"2020";"Winterswijk";314;78;95;14
"2018";"Wisch";;;;
"2019";"Wisch";;;;
"2020";"Wisch";;;;
"2018";"Wittem";;;;
"2019";"Wittem";;;;
"2020";"Wittem";;;;
"2018";"Woensdrecht";186;56;42;20
"2019";"Woensdrecht";213;77;49;15
"2020";"Woensdrecht";226;68;45;11
"2018";"Woerden";376;108;89;32
"2019";"Woerden";402;113;103;32
"2020";"Woerden";439;132;87;28
"2018";"Wognum";;;;
"2019";"Wognum";;;;
"2020";"Wognum";;;;
"2018";"De Wolden";275;93;75;20
"2019";"De Wolden";226;89;63;13
"2020";"De Wolden";268;75;76;12
"2018";"Wormerland";149;51;28;11
"2019";"Wormerland";123;46;34;7
"2020";"Wormerland";155;43;32;7
"2018";"Woudenberg";134;41;28;16
"2019";"Woudenberg";106;45;19;8
"2020";"Woudenberg";119;34;30;8
"2018";"Woudrichem";141;36;36;11
"2019";"Woudrichem";;;;
"2020";"Woudrichem";;;;
"2018";"Wouw";;;;
"2019";"Wouw";;;;
"2020";"Wouw";;;;
"2018";"Wûnseradiel";;;;
"2019";"Wûnseradiel";;;;
"2020";"Wûnseradiel";;;;
"2018";"Wymbritseradiel";;;;
"2019";"Wymbritseradiel";;;;
"2020";"Wymbritseradiel";;;;
"2018";"Zaanstad";1309;417;302;114
"2019";"Zaanstad";1267;369;289;115
"2020";"Zaanstad";1561;397;324;85
"2018";"Zaltbommel";203;80;46;19
"2019";"Zaltbommel";210;85;46;13
"2020";"Zaltbommel";251;73;52;16
"2018";"Zandvoort";238;65;64;12
"2019";"Zandvoort";226;67;51;22
"2020";"Zandvoort";234;64;41;16
"2018";"Zederik";130;36;32;16
"2019";"Zederik";;;;
"2020";"Zederik";;;;
"2018";"Zeevang";;;;
"2019";"Zeevang";;;;
"2020";"Zeevang";;;;
"2018";"Zeewolde";110;50;21;7
"2019";"Zeewolde";103;36;26;8
"2020";"Zeewolde";115;41;17;5
"2018";"Zeist";716;184;196;69
"2019";"Zeist";742;192;187;63
"2020";"Zeist";791;197;155;66
"2018";"Zelhem";;;;
"2019";"Zelhem";;;;
"2020";"Zelhem";;;;
"2018";"Zevenaar";424;146;89;39
"2019";"Zevenaar";464;147;132;46
"2020";"Zevenaar";481;152;107;37
"2018";"Zevenbergen";;;;
"2019";"Zevenbergen";;;;
"2020";"Zevenbergen";;;;
"2018";"Zevenhuizen-Moerkapelle";;;;
"2019";"Zevenhuizen-Moerkapelle";;;;
"2020";"Zevenhuizen-Moerkapelle";;;;
"2018";"Zierikzee";;;;
"2019";"Zierikzee";;;;
"2020";"Zierikzee";;;;
"2018";"Zijpe";;;;
"2019";"Zijpe";;;;
"2020";"Zijpe";;;;
"2018";"Zoetermeer";919;335;188;79
"2019";"Zoetermeer";903;342;196;72
"2020";"Zoetermeer";1002;300;224;60
"2018";"Zoeterwoude";79;25;24;6
"2019";"Zoeterwoude";68;17;14;8
"2020";"Zoeterwoude";82;23;17;4
"2018";"Zuidhorn";160;44;40;7
"2019";"Zuidhorn";;;;
"2020";"Zuidhorn";;;;
"2018";"Zuidlaren";;;;
"2019";"Zuidlaren";;;;
"2020";"Zuidlaren";;;;
"2018";"Zuidplas";320;125;66;25
"2019";"Zuidplas";273;82;62;19
"2020";"Zuidplas";342;112;58;24
"2018";"Zuidwolde";;;;
"2019";"Zuidwolde";;;;
"2020";"Zuidwolde";;;;
"2018";"Zundert";232;61;66;25
"2019";"Zundert";234;56;63;21
"2020";"Zundert";245;56;62;14
"2018";"Zutphen";465;145;99;59
"2019";"Zutphen";498;148;126;43
"2020";"Zutphen";469;127;103;41
"2018";"Zwartewaterland";155;44;46;14
"2019";"Zwartewaterland";175;60;52;14
"2020";"Zwartewaterland";203;54;41;6
"2018";"Zwartsluis";;;;
"2019";"Zwartsluis";;;;
"2020";"Zwartsluis";;;;
"2018";"Zweeloo";;;;
"2019";"Zweeloo";;;;
"2020";"Zweeloo";;;;
"2018";"Zwijndrecht";470;168;102;32
"2019";"Zwijndrecht";471;154;121;32
"2020";"Zwijndrecht";558;142;123;32
"2018";"Zwolle";988;287;266;74
"2019";"Zwolle";953;294;258;65
"2020";"Zwolle";1036;278;228;58
