"﻿""Perioden""","""Regio's""","""Bevolking aan het begin van de periode (aantal)""","""Levend geboren kinderen (aantal)""","""Overledenen (aantal)""","""Vertrek uit de gemeente/Vertrek naar andere gemeente (aantal)""","""Bevolkingsgroei/Bevolkingsgroei, relatief (%)"""
"""2019""","""Aa en Hunze""",25386,176,280,1305,"0,23"
"""2020""","""Aa en Hunze""",25445,167,274,1395,"-0,18"
"""2021*""","""Aa en Hunze""",25399,198,284,1182,"0,69"
"""2019""","""Aalburg""",,,,,
"""2020""","""Aalburg""",,,,,
"""2021*""","""Aalburg""",,,,,
"""2019""","""Aalsmeer""",31728,236,270,1232,"0,41"
"""2020""","""Aalsmeer""",31859,271,277,1505,"0,41"
"""2021*""","""Aalsmeer""",31991,324,238,1432,"1,42"
"""2019""","""Aalten""",27011,240,256,725,"0,41"
"""2020""","""Aalten""",27121,254,289,710,0
"""2021*""","""Aalten""",27120,257,310,750,"-0,07"
"""2019""","""Ter Aar""",,,,,
"""2020""","""Ter Aar""",,,,,
"""2021*""","""Ter Aar""",,,,,
"""2019""","""Abcoude""",,,,,
"""2020""","""Abcoude""",,,,,
"""2021*""","""Abcoude""",,,,,
"""2019""","""Achtkarspelen""",27852,288,234,1089,"-0,03"
"""2020""","""Achtkarspelen""",27843,277,235,951,"0,2"
"""2021*""","""Achtkarspelen""",27900,284,306,888,"0,22"
"""2019""","""Alblasserdam""",20069,226,193,745,"0,48"
"""2020""","""Alblasserdam""",20165,205,192,820,"-0,14"
"""2021*""","""Alblasserdam""",20136,258,226,856,"-0,21"
"""2019""","""Albrandswaard""",25271,209,157,1284,"1,26"
"""2020""","""Albrandswaard""",25590,226,207,1399,"0,88"
"""2021*""","""Albrandswaard""",25814,242,191,1371,"0,45"
"""2019""","""Alkemade""",,,,,
"""2020""","""Alkemade""",,,,,
"""2021*""","""Alkemade""",,,,,
"""2019""","""Alkmaar""",108558,1109,899,4594,"0,81"
"""2020""","""Alkmaar""",109436,1025,969,4871,"0,42"
"""2021*""","""Alkmaar""",109896,1180,1027,4765,"0,8"
"""2019""","""Almelo""",72849,713,702,2592,"0,35"
"""2020""","""Almelo""",73107,673,795,2584,"0,03"
"""2021*""","""Almelo""",73132,651,858,2526,"0,03"
"""2019""","""Almere""",207904,2558,1025,8169,"1,92"
"""2020""","""Almere""",211893,2503,1084,8941,"1,33"
"""2021*""","""Almere""",214715,2617,1223,9039,"1,46"
"""2019""","""Alphen aan den Rijn""",110986,1110,869,3531,"0,82"
"""2020""","""Alphen aan den Rijn""",111897,1103,943,3932,"0,62"
"""2021*""","""Alphen aan den Rijn""",112587,1188,973,4073,"0,28"
"""2019""","""Alphen-Chaam""",10149,91,94,415,"0,53"
"""2020""","""Alphen-Chaam""",10203,90,104,458,"1,67"
"""2021*""","""Alphen-Chaam""",10373,102,93,430,"0,53"
"""2019""","""Altena""",55386,563,444,1328,"1,05"
"""2020""","""Altena""",55967,563,554,1558,"0,69"
"""2021*""","""Altena""",56352,639,516,1477,"1,16"
"""2019""","""Ambt Montfort""",,,,,
"""2020""","""Ambt Montfort""",,,,,
"""2021*""","""Ambt Montfort""",,,,,
"""2019""","""Ameland""",3673,33,26,164,"1,17"
"""2020""","""Ameland""",3716,30,23,176,"0,81"
"""2021*""","""Ameland""",3746,37,39,182,"0,24"
"""2019""","""Amerongen""",,,,,
"""2020""","""Amerongen""",,,,,
"""2021*""","""Amerongen""",,,,,
"""2019""","""Amersfoort""",156286,1744,1082,6569,"0,63"
"""2020""","""Amersfoort""",157276,1691,1153,7212,"0,12"
"""2021*""","""Amersfoort""",157462,1808,1213,7201,"0,71"
"""2019""","""Amstelveen""",90838,809,790,6915,"0,92"
"""2020""","""Amstelveen""",91675,786,916,7157,"-0,92"
"""2021*""","""Amstelveen""",90829,819,884,7564,"1,69"
"""2019""","""Amsterdam""",862965,10588,5248,49351,"1,13"
"""2020""","""Amsterdam""",872757,10345,5763,52250,"0,07"
"""2021*""","""Amsterdam""",873338,10694,5886,53244,"1,21"
"""2019""","""Andijk""",,,,,
"""2020""","""Andijk""",,,,,
"""2021*""","""Andijk""",,,,,
"""2019""","""Angerlo""",,,,,
"""2020""","""Angerlo""",,,,,
"""2021*""","""Angerlo""",,,,,
"""2019""","""Anna Paulowna""",,,,,
"""2020""","""Anna Paulowna""",,,,,
"""2021*""","""Anna Paulowna""",,,,,
"""2019""","""Apeldoorn""",162445,1521,1614,4717,"0,85"
"""2020""","""Apeldoorn""",163818,1530,1780,5467,"0,59"
"""2021*""","""Apeldoorn""",164781,1626,1702,5365,"0,49"
"""2019""","""Appingedam""",11721,79,157,574,"-0,67"
"""2020""","""Appingedam""",11642,75,157,681,"-1,25"
"""2021*""","""Appingedam""",,,,,
"""2019""","""Arcen en Velden""",,,,,
"""2020""","""Arcen en Velden""",,,,,
"""2021*""","""Arcen en Velden""",,,,,
"""2019""","""Arnhem""",159265,1590,1327,11335,"1,31"
"""2020""","""Arnhem""",161348,1600,1406,11031,"0,67"
"""2021*""","""Arnhem""",162424,1738,1460,12039,"0,95"
"""2019""","""Assen""",67963,576,657,3082,"0,94"
"""2020""","""Assen""",68599,654,683,3272,"0,35"
"""2021*""","""Assen""",68836,654,689,3438,"0,17"
"""2019""","""Asten""",16710,149,151,597,"0,07"
"""2020""","""Asten""",16721,154,171,522,"0,57"
"""2021*""","""Asten""",16817,176,176,544,"1,49"
"""2019""","""Axel""",,,,,
"""2020""","""Axel""",,,,,
"""2021*""","""Axel""",,,,,
"""2019""","""Baarle-Nassau""",6847,63,70,303,"0,18"
"""2020""","""Baarle-Nassau""",6859,50,89,265,"0,58"
"""2021*""","""Baarle-Nassau""",6899,50,87,255,"0,46"
"""2019""","""Baarn""",24767,235,317,1074,"0,41"
"""2020""","""Baarn""",24868,194,340,1231,"-0,31"
"""2021*""","""Baarn""",24792,234,357,1187,"0,35"
"""2019""","""Barendrecht""",48673,406,309,2277,"0,08"
"""2020""","""Barendrecht""",48714,406,392,2473,"-0,15"
"""2021*""","""Barendrecht""",48643,461,373,2273,"0,16"
"""2019""","""Barneveld""",57971,824,466,1838,"1,92"
"""2020""","""Barneveld""",59082,860,470,1869,"1,54"
"""2021*""","""Barneveld""",59992,917,519,2033,"0,99"
"""2019""","""Bathmen""",,,,,
"""2020""","""Bathmen""",,,,,
"""2021*""","""Bathmen""",,,,,
"""2019""","""Bedum""",,,,,
"""2020""","""Bedum""",,,,,
"""2021*""","""Bedum""",,,,,
"""2019""","""Beek (L.)""",15929,152,184,770,"-0,4"
"""2020""","""Beek (L.)""",15865,137,201,754,"0,06"
"""2021*""","""Beek (L.)""",15875,136,178,799,"-0,38"
"""2019""","""Beekdaelen""",35727,263,381,1672,"0,59"
"""2020""","""Beekdaelen""",35938,281,464,1730,"0,35"
"""2021*""","""Beekdaelen""",36065,287,508,1869,"-0,39"
"""2019""","""Beemster""",9748,106,62,468,"2,81"
"""2020""","""Beemster""",10022,91,71,487,"0,88"
"""2021*""","""Beemster""",10110,119,82,463,"5,97"
"""2019""","""Beesel""",13519,96,117,446,"-0,27"
"""2020""","""Beesel""",13482,102,125,474,"-0,24"
"""2021*""","""Beesel""",13450,100,159,391,"-0,28"
"""2019""","""Bellingwedde""",,,,,
"""2020""","""Bellingwedde""",,,,,
"""2021*""","""Bellingwedde""",,,,,
"""2019""","""Bemmel""",,,,,
"""2020""","""Bemmel""",,,,,
"""2021*""","""Bemmel""",,,,,
"""2019""","""Bennebroek""",,,,,
"""2020""","""Bennebroek""",,,,,
"""2021*""","""Bennebroek""",,,,,
"""2019""","""Berg en Dal""",34798,286,447,1391,"0,56"
"""2020""","""Berg en Dal""",34992,289,452,1418,"0,05"
"""2021*""","""Berg en Dal""",35010,305,477,1377,"-0,18"
"""2019""","""Bergambacht""",,,,,
"""2020""","""Bergambacht""",,,,,
"""2021*""","""Bergambacht""",,,,,
"""2019""","""Bergeijk""",18491,147,142,671,"0,78"
"""2020""","""Bergeijk""",18635,182,178,623,"0,64"
"""2021*""","""Bergeijk""",18754,176,172,683,"0,65"
"""2019""","""Bergen (L.)""",13140,95,152,468,"-0,42"
"""2020""","""Bergen (L.)""",13085,82,132,451,"0,18"
"""2021*""","""Bergen (L.)""",13108,114,145,473,"-0,02"
"""2019""","""Bergen (NH.)""",29974,145,424,1281,"-0,45"
"""2020""","""Bergen (NH.)""",29839,148,478,1323,"-0,42"
"""2021*""","""Bergen (NH.)""",29715,154,415,1190,"0,07"
"""2019""","""Bergen op Zoom""",66811,630,621,2065,"1,03"
"""2020""","""Bergen op Zoom""",67496,623,789,2356,"0,03"
"""2021*""","""Bergen op Zoom""",67514,659,768,2068,"0,54"
"""2019""","""Bergh""",,,,,
"""2020""","""Bergh""",,,,,
"""2021*""","""Bergh""",,,,,
"""2019""","""Bergschenhoek""",,,,,
"""2020""","""Bergschenhoek""",,,,,
"""2021*""","""Bergschenhoek""",,,,,
"""2019""","""Berkel en Rodenrijs""",,,,,
"""2020""","""Berkel en Rodenrijs""",,,,,
"""2021*""","""Berkel en Rodenrijs""",,,,,
"""2019""","""Berkelland""",43904,325,479,1341,"-0,36"
"""2020""","""Berkelland""",43747,310,480,1228,"0,23"
"""2021*""","""Berkelland""",43846,361,491,1230,"0,01"
"""2019""","""Bernheze""",30806,287,278,1111,"1,41"
"""2020""","""Bernheze""",31240,315,375,1217,"0,69"
"""2021*""","""Bernheze""",31455,290,313,1351,"0,77"
"""2019""","""Bernisse""",,,,,
"""2020""","""Bernisse""",,,,,
"""2021*""","""Bernisse""",,,,,
"""2019""","""Best""",29821,249,249,1080,"0,56"
"""2020""","""Best""",29988,285,278,1228,"0,76"
"""2021*""","""Best""",30216,332,211,1267,"1,29"
"""2019""","""Beuningen""",25882,239,238,1131,"0,03"
"""2020""","""Beuningen""",25890,260,194,1128,"1,03"
"""2021*""","""Beuningen""",26157,232,212,1069,"0,29"
"""2019""","""Beverwijk""",41176,457,399,1886,"1,09"
"""2020""","""Beverwijk""",41626,441,456,2097,"0,57"
"""2021*""","""Beverwijk""",41863,468,450,1970,"0,55"
"""2019""","""het Bildt""",,,,,
"""2020""","""het Bildt""",,,,,
"""2021*""","""het Bildt""",,,,,
"""2019""","""De Bilt""",42824,363,514,2250,"0,73"
"""2020""","""De Bilt""",43137,378,541,2453,"0,57"
"""2021*""","""De Bilt""",43384,412,540,2372,"0,29"
"""2019""","""Binnenmaas""",,,,,
"""2020""","""Binnenmaas""",,,,,
"""2021*""","""Binnenmaas""",,,,,
"""2019""","""Bladel""",20175,169,171,617,"1,07"
"""2020""","""Bladel""",20390,198,231,656,"0,68"
"""2021*""","""Bladel""",20529,175,188,685,"0,92"
"""2019""","""Blaricum""",11202,132,85,721,"3,02"
"""2020""","""Blaricum""",11540,136,85,727,"3,59"
"""2021*""","""Blaricum""",11954,140,117,734,"3,38"
"""2019""","""Bleiswijk""",,,,,
"""2020""","""Bleiswijk""",,,,,
"""2021*""","""Bleiswijk""",,,,,
"""2019""","""Bloemendaal""",23410,130,299,1377,"0,69"
"""2020""","""Bloemendaal""",23571,108,315,1530,"-0,39"
"""2021*""","""Bloemendaal""",23478,136,344,1392,"1,08"
"""2019""","""Boarnsterhim""",,,,,
"""2020""","""Boarnsterhim""",,,,,
"""2021*""","""Boarnsterhim""",,,,,
"""2019""","""Bodegraven""",,,,,
"""2020""","""Bodegraven""",,,,,
"""2021*""","""Bodegraven""",,,,,
"""2019""","""Bodegraven-Reeuwijk""",34462,401,272,1262,"1,19"
"""2020""","""Bodegraven-Reeuwijk""",34872,397,281,1326,"1,16"
"""2021*""","""Bodegraven-Reeuwijk""",35278,453,288,1195,"1,28"
"""2019""","""Boekel""",10588,99,90,336,"1,86"
"""2020""","""Boekel""",10785,126,109,367,"1,61"
"""2021*""","""Boekel""",10959,129,100,420,"0,57"
"""2019""","""Ten Boer""",,,,,
"""2020""","""Ten Boer""",,,,,
"""2021*""","""Ten Boer""",,,,,
"""2019""","""Bolsward""",,,,,
"""2020""","""Bolsward""",,,,,
"""2021*""","""Bolsward""",,,,,
"""2019""","""Borculo""",,,,,
"""2020""","""Borculo""",,,,,
"""2021*""","""Borculo""",,,,,
"""2019""","""Borger-Odoorn""",25372,209,262,1360,"0,74"
"""2020""","""Borger-Odoorn""",25559,178,278,1432,"0,15"
"""2021*""","""Borger-Odoorn""",25598,213,286,1255,"0,31"
"""2019""","""Borne""",23210,249,211,1048,"0,44"
"""2020""","""Borne""",23312,242,244,885,"1,53"
"""2021*""","""Borne""",23668,264,237,913,"1,41"
"""2019""","""Borsele""",22800,232,177,1000,"-0,27"
"""2020""","""Borsele""",22739,230,182,914,"0,35"
"""2021*""","""Borsele""",22818,221,224,897,"0,11"
"""2019""","""Boskoop""",,,,,
"""2020""","""Boskoop""",,,,,
"""2021*""","""Boskoop""",,,,,
"""2019""","""Boxmeer""",29065,239,265,1138,"1,03"
"""2020""","""Boxmeer""",29365,248,321,1322,"0,83"
"""2021*""","""Boxmeer""",29609,290,296,1495,"0,39"
"""2019""","""Boxtel""",30747,248,306,1044,"0,18"
"""2020""","""Boxtel""",30801,264,373,1160,"0,07"
"""2021*""","""Boxtel""",32973,299,380,1167,"0,51"
"""2019""","""Breda""",183873,1732,1691,8046,"0,11"
"""2020""","""Breda""",184069,1670,1835,7994,"0,03"
"""2021*""","""Breda""",184126,1873,1796,7862,"0,32"
"""2019""","""Breukelen""",,,,,
"""2020""","""Breukelen""",,,,,
"""2021*""","""Breukelen""",,,,,
"""2019""","""Brielle""",17182,146,159,762,"0,52"
"""2020""","""Brielle""",17271,176,158,826,"0,97"
"""2021*""","""Brielle""",17439,157,180,799,"1,58"
"""2019""","""Bronckhorst""",36212,246,351,1347,"-0,43"
"""2020""","""Bronckhorst""",36055,254,425,1356,"0,09"
"""2021*""","""Bronckhorst""",36087,242,436,1239,"-0,03"
"""2019""","""Brummen""",20698,161,222,857,"0,14"
"""2020""","""Brummen""",20726,167,225,852,"0,76"
"""2021*""","""Brummen""",20884,145,237,885,"0,02"
"""2019""","""Brunssum""",28103,203,331,1432,-1
"""2020""","""Brunssum""",27821,192,392,1327,"-0,54"
"""2021*""","""Brunssum""",27670,202,410,1297,"0,02"
"""2019""","""Bunnik""",15192,139,98,771,"-0,01"
"""2020""","""Bunnik""",15191,132,130,778,"0,99"
"""2021*""","""Bunnik""",15341,146,140,739,"1,64"
"""2019""","""Bunschoten""",21576,295,136,494,"1,34"
"""2020""","""Bunschoten""",21866,271,197,438,"0,7"
"""2021*""","""Bunschoten""",22019,287,156,479,"1,41"
"""2019""","""Buren""",26568,221,213,1262,"0,68"
"""2020""","""Buren""",26749,253,251,1339,"0,97"
"""2021*""","""Buren""",27009,266,278,1241,"0,58"
"""2019""","""Bussum""",,,,,
"""2020""","""Bussum""",,,,,
"""2021*""","""Bussum""",,,,,
"""2019""","""Capelle aan den IJssel""",66818,652,609,3649,"0,45"
"""2020""","""Capelle aan den IJssel""",67122,658,715,3869,"0,29"
"""2021*""","""Capelle aan den IJssel""",67319,700,689,4054,"-0,2"
"""2019""","""Castricum""",35772,298,339,1180,"0,6"
"""2020""","""Castricum""",35986,307,384,1458,"0,28"
"""2021*""","""Castricum""",36086,322,359,1315,"0,45"
"""2019""","""Coevorden""",35483,296,408,1759,"-0,52"
"""2020""","""Coevorden""",35297,284,448,1628,"0,06"
"""2021*""","""Coevorden""",35317,292,460,1580,"0,56"
"""2019""","""Cranendonck""",20440,152,187,2152,"3,41"
"""2020""","""Cranendonck""",21138,186,249,3852,"-0,65"
"""2021*""","""Cranendonck""",21001,150,248,5118,"-1,59"
"""2019""","""Cromstrijen""",,,,,
"""2020""","""Cromstrijen""",,,,,
"""2021*""","""Cromstrijen""",,,,,
"""2019""","""Cuijk""",24931,202,216,862,"0,8"
"""2020""","""Cuijk""",25130,218,279,881,"1,09"
"""2021*""","""Cuijk""",25404,242,241,805,"1,07"
"""2019""","""Culemborg""",28555,279,249,1205,"1,4"
"""2020""","""Culemborg""",28955,287,238,1210,"0,57"
"""2021*""","""Culemborg""",29121,369,258,1199,"0,91"
"""2019""","""Dalfsen""",28499,266,223,967,"0,31"
"""2020""","""Dalfsen""",28587,263,267,954,"1,1"
"""2021*""","""Dalfsen""",28901,277,264,877,"0,89"
"""2019""","""Dantumadeel""",,,,,
"""2020""","""Dantumadeel""",,,,,
"""2021*""","""Dantumadeel""",,,,,
"""2019""","""Dantumadiel""",18923,184,201,772,"-0,01"
"""2020""","""Dantumadiel""",18922,183,202,705,"0,11"
"""2021*""","""Dantumadiel""",18943,162,271,652,"0,1"
"""2019""","""Delft""",103163,922,728,7376,"0,42"
"""2020""","""Delft""",103595,879,812,7549,"-0,01"
"""2021*""","""Delft""",103581,922,793,8265,"0,92"
"""2019""","""Delfzijl""",24716,222,305,1329,"-0,15"
"""2020""","""Delfzijl""",24678,187,331,1239,"-0,33"
"""2021*""","""Delfzijl""",,,,,
"""2019""","""Denekamp""",,,,,
"""2020""","""Denekamp""",,,,,
"""2021*""","""Denekamp""",,,,,
"""2019""","""Deurne""",32362,314,301,943,"0,34"
"""2020""","""Deurne""",32471,293,357,962,"-0,1"
"""2021*""","""Deurne""",32437,317,375,945,"0,51"
"""2019""","""Deventer""",99957,946,940,3787,"0,76"
"""2020""","""Deventer""",100719,965,1034,3993,"0,51"
"""2021*""","""Deventer""",101236,977,956,4136,"0,18"
"""2019""","""Didam""",,,,,
"""2020""","""Didam""",,,,,
"""2021*""","""Didam""",,,,,
"""2019""","""Diemen""",29196,322,220,2621,"5,43"
"""2020""","""Diemen""",30780,332,249,3300,"1,8"
"""2021*""","""Diemen""",31334,353,237,3631,"1,55"
"""2019""","""Dijk en Waard""",,,,,
"""2020""","""Dijk en Waard""",,,,,
"""2021*""","""Dijk en Waard""",,,,,
"""2019""","""Dinkelland""",26350,224,245,643,"0,42"
"""2020""","""Dinkelland""",26461,275,302,675,"0,55"
"""2021*""","""Dinkelland""",26606,254,285,733,"-0,06"
"""2019""","""Dinxperlo""",,,,,
"""2020""","""Dinxperlo""",,,,,
"""2021*""","""Dinxperlo""",,,,,
"""2019""","""Dirksland""",,,,,
"""2020""","""Dirksland""",,,,,
"""2021*""","""Dirksland""",,,,,
"""2019""","""Doesburg""",11148,65,94,528,"-0,64"
"""2020""","""Doesburg""",11077,73,149,600,"-0,12"
"""2021*""","""Doesburg""",11064,66,140,514,"-0,27"
"""2019""","""Doetinchem""",57555,535,556,2203,"0,77"
"""2020""","""Doetinchem""",58001,470,598,2182,"0,46"
"""2021*""","""Doetinchem""",58270,549,652,2089,"0,48"
"""2019""","""Dongen""",26051,255,257,826,"0,66"
"""2020""","""Dongen""",26222,257,296,961,"0,56"
"""2021*""","""Dongen""",26368,269,314,822,"0,41"
"""2019""","""Dongeradeel""",,,,,
"""2020""","""Dongeradeel""",,,,,
"""2021*""","""Dongeradeel""",,,,,
"""2019""","""Doorn""",,,,,
"""2020""","""Doorn""",,,,,
"""2021*""","""Doorn""",,,,,
"""2019""","""Dordrecht""",118654,1190,1093,4147,"0,53"
"""2020""","""Dordrecht""",119284,1169,1269,4786,"-0,14"
"""2021*""","""Dordrecht""",119115,1322,1309,4700,"0,33"
"""2019""","""Drechterland""",19597,172,148,925,"0,62"
"""2020""","""Drechterland""",19719,201,171,926,"0,6"
"""2021*""","""Drechterland""",19838,202,162,843,"0,71"
"""2019""","""Driebergen-Rijsenburg""",,,,,
"""2020""","""Driebergen-Rijsenburg""",,,,,
"""2021*""","""Driebergen-Rijsenburg""",,,,,
"""2019""","""Drimmelen""",27150,228,241,890,"0,45"
"""2020""","""Drimmelen""",27272,209,282,934,"0,19"
"""2021*""","""Drimmelen""",27325,232,255,885,"0,54"
"""2019""","""Dronten""",40815,395,299,2146,"1,81"
"""2020""","""Dronten""",41555,412,333,2225,"1,1"
"""2021*""","""Dronten""",42011,454,335,2308,"2,12"
"""2019""","""Druten""",18797,165,145,776,"0,69"
"""2020""","""Druten""",18926,153,156,826,"0,34"
"""2021*""","""Druten""",18991,204,182,683,"0,98"
"""2019""","""Duiven""",25332,207,193,1270,"-0,81"
"""2020""","""Duiven""",25126,203,209,1215,"-0,24"
"""2021*""","""Duiven""",25066,214,220,1184,"-0,49"
"""2019""","""Echt""",,,,,
"""2020""","""Echt""",,,,,
"""2021*""","""Echt""",,,,,
"""2019""","""Echt-Susteren""",31638,227,366,1345,"-0,09"
"""2020""","""Echt-Susteren""",31610,230,384,1250,"0,45"
"""2021*""","""Echt-Susteren""",31751,250,425,1349,"-0,04"
"""2019""","""Edam-Volendam""",36099,313,303,761,"0,27"
"""2020""","""Edam-Volendam""",36197,292,347,774,"0,2"
"""2021*""","""Edam-Volendam""",36268,373,317,809,"0,54"
"""2019""","""Ede""",115710,1377,924,4427,"1,26"
"""2020""","""Ede""",117165,1421,981,4475,"1,17"
"""2021*""","""Ede""",118530,1515,1068,4485,"1,24"
"""2019""","""Eemnes""",9113,72,74,416,"1,47"
"""2020""","""Eemnes""",9247,93,59,478,"1,24"
"""2021*""","""Eemnes""",9362,97,86,464,"0,93"
"""2019""","""Eemsdelta""",,,,,
"""2020""","""Eemsdelta""",,,,,
"""2021*""","""Eemsdelta""",45587,414,642,1836,"-0,32"
"""2019""","""Eemsmond""",,,,,
"""2020""","""Eemsmond""",,,,,
"""2021*""","""Eemsmond""",,,,,
"""2019""","""Eersel""",19110,156,167,676,"1,06"
"""2020""","""Eersel""",19313,167,203,694,"1,11"
"""2021*""","""Eersel""",19528,218,188,717,"1,51"
"""2019""","""Eibergen""",,,,,
"""2020""","""Eibergen""",,,,,
"""2021*""","""Eibergen""",,,,,
"""2019""","""Eijsden""",,,,,
"""2020""","""Eijsden""",,,,,
"""2021*""","""Eijsden""",,,,,
"""2019""","""Eijsden-Margraten""",25658,245,234,1113,"0,43"
"""2020""","""Eijsden-Margraten""",25768,252,295,1156,"0,51"
"""2021*""","""Eijsden-Margraten""",25900,243,266,1071,"-0,17"
"""2019""","""Eindhoven""",231642,2275,1993,12695,"1,19"
"""2020""","""Eindhoven""",234394,2183,2232,13347,"0,55"
"""2021*""","""Eindhoven""",235691,2401,2216,13610,"1,11"
"""2019""","""Elburg""",23086,255,212,887,"0,32"
"""2020""","""Elburg""",23161,240,231,948,"1,16"
"""2021*""","""Elburg""",23429,260,216,827,"1,32"
"""2019""","""Emmen""",107113,896,1173,3066,"-0,06"
"""2020""","""Emmen""",107048,901,1244,2911,"-0,02"
"""2021*""","""Emmen""",107024,915,1339,2741,"0,78"
"""2019""","""Enkhuizen""",18507,170,162,786,"0,45"
"""2020""","""Enkhuizen""",18591,197,207,828,"0,25"
"""2021*""","""Enkhuizen""",18637,177,196,853,"-0,09"
"""2019""","""Enschede""",158986,1396,1540,6061,"0,41"
"""2020""","""Enschede""",159640,1299,1631,6136,"0,06"
"""2021*""","""Enschede""",159732,1375,1620,6010,"0,52"
"""2019""","""Epe""",33145,256,345,1076,"0,1"
"""2020""","""Epe""",33178,295,396,1205,"0,06"
"""2021*""","""Epe""",33198,318,385,1176,"0,19"
"""2019""","""Ermelo""",26858,267,298,1369,"0,56"
"""2020""","""Ermelo""",27008,214,331,1275,"0,03"
"""2021*""","""Ermelo""",27016,247,328,1190,"0,9"
"""2019""","""Etten-Leur""",43774,432,396,1598,"0,24"
"""2020""","""Etten-Leur""",43878,376,421,1638,"-0,02"
"""2021*""","""Etten-Leur""",43869,423,404,1488,"0,64"
"""2019""","""Ferwerderadiel""",,,,,
"""2020""","""Ferwerderadiel""",,,,,
"""2021*""","""Ferwerderadiel""",,,,,
"""2019""","""Franekeradeel""",,,,,
"""2020""","""Franekeradeel""",,,,,
"""2021*""","""Franekeradeel""",,,,,
"""2019""","""De Friese Meren""",,,,,
"""2020""","""De Friese Meren""",,,,,
"""2021*""","""De Friese Meren""",,,,,
"""2019""","""De Fryske Marren""",51430,482,468,1859,"0,26"
"""2020""","""De Fryske Marren""",51564,483,496,1868,"0,42"
"""2021*""","""De Fryske Marren""",51778,502,584,2296,"-0,35"
"""2019""","""Gaasterlân-Sleat""",,,,,
"""2020""","""Gaasterlân-Sleat""",,,,,
"""2021*""","""Gaasterlân-Sleat""",,,,,
"""2019""","""Geertruidenberg""",21515,182,214,762,"0,13"
"""2020""","""Geertruidenberg""",21544,178,211,777,"1,05"
"""2021*""","""Geertruidenberg""",21770,223,237,774,"0,83"
"""2019""","""Geldermalsen""",,,,,
"""2020""","""Geldermalsen""",,,,,
"""2021*""","""Geldermalsen""",,,,,
"""2019""","""Geldrop""",,,,,
"""2020""","""Geldrop""",,,,,
"""2021*""","""Geldrop""",,,,,
"""2019""","""Geldrop-Mierlo""",39595,367,393,1721,"0,33"
"""2020""","""Geldrop-Mierlo""",39726,371,403,1759,"0,86"
"""2021*""","""Geldrop-Mierlo""",40066,407,391,1868,"0,12"
"""2019""","""Gemert-Bakel""",30447,287,246,990,"0,91"
"""2020""","""Gemert-Bakel""",30723,275,278,1041,"0,12"
"""2021*""","""Gemert-Bakel""",30760,352,271,1037,"0,9"
"""2019""","""Gendringen""",,,,,
"""2020""","""Gendringen""",,,,,
"""2021*""","""Gendringen""",,,,,
"""2019""","""Gennep""",17071,96,173,738,"-0,88"
"""2020""","""Gennep""",16921,122,200,625,"0,67"
"""2021*""","""Gennep""",17035,119,196,537,"1,23"
"""2019""","""Giessenlanden""",,,,,
"""2020""","""Giessenlanden""",,,,,
"""2021*""","""Giessenlanden""",,,,,
"""2019""","""Gilze en Rijen""",26431,246,210,2088,0
"""2020""","""Gilze en Rijen""",26431,257,222,3385,"1,1"
"""2021*""","""Gilze en Rijen""",26723,257,256,4483,"-0,49"
"""2019""","""Goedereede""",,,,,
"""2020""","""Goedereede""",,,,,
"""2021*""","""Goedereede""",,,,,
"""2019""","""Goeree-Overflakkee""",49611,508,525,1176,"0,88"
"""2020""","""Goeree-Overflakkee""",50049,473,558,1136,"1,08"
"""2021*""","""Goeree-Overflakkee""",50589,502,535,1116,"0,9"
"""2019""","""Goes""",37653,327,413,1648,"1,14"
"""2020""","""Goes""",38082,346,441,1396,"1,34"
"""2021*""","""Goes""",38594,345,490,1326,"0,92"
"""2019""","""Goirle""",23793,200,207,982,"0,47"
"""2020""","""Goirle""",23904,209,260,1103,"0,2"
"""2021*""","""Goirle""",23952,206,238,1069,"0,14"
"""2019""","""Gooise Meren""",57715,523,548,3138,"0,59"
"""2020""","""Gooise Meren""",58055,506,660,3410,"0,81"
"""2021*""","""Gooise Meren""",58524,604,620,3457,"0,55"
"""2019""","""Gorinchem""",36682,356,339,1462,"0,93"
"""2020""","""Gorinchem""",37022,401,335,1444,"1,05"
"""2021*""","""Gorinchem""",37410,393,383,1581,"0,57"
"""2019""","""Gorssel""",,,,,
"""2020""","""Gorssel""",,,,,
"""2021*""","""Gorssel""",,,,,
"""2019""","""Gouda""",73181,798,696,3056,"0,34"
"""2020""","""Gouda""",73427,756,780,3385,"0,35"
"""2021*""","""Gouda""",73681,812,728,3188,"0,61"
"""2019""","""Graafstroom""",,,,,
"""2020""","""Graafstroom""",,,,,
"""2021*""","""Graafstroom""",,,,,
"""2019""","""Graft-De Rijp""",,,,,
"""2020""","""Graft-De Rijp""",,,,,
"""2021*""","""Graft-De Rijp""",,,,,
"""2019""","""Grave""",12483,104,124,856,"-0,38"
"""2020""","""Grave""",12436,102,167,910,"0,4"
"""2021*""","""Grave""",12486,97,150,1085,"-0,11"
"""2019""","""'s-Gravendeel""",,,,,
"""2020""","""'s-Gravendeel""",,,,,
"""2021*""","""'s-Gravendeel""",,,,,
"""2019""","""'s-Gravenhage (gemeente)""",537833,6430,4091,23930,"1,49"
"""2020""","""'s-Gravenhage (gemeente)""",545838,6129,4539,24902,"0,45"
"""2021*""","""'s-Gravenhage (gemeente)""",548320,6051,4529,27071,"0,86"
"""2019""","""'s-Gravenzande""",,,,,
"""2020""","""'s-Gravenzande""",,,,,
"""2021*""","""'s-Gravenzande""",,,,,
"""2019""","""Groenlo""",,,,,
"""2020""","""Groenlo""",,,,,
"""2021*""","""Groenlo""",,,,,
"""2019""","""Groesbeek""",,,,,
"""2020""","""Groesbeek""",,,,,
"""2021*""","""Groesbeek""",,,,,
"""2019""","""Groningen (gemeente)""",231299,2036,1706,14520,"0,68"
"""2020""","""Groningen (gemeente)""",232874,2078,1805,14243,"0,17"
"""2021*""","""Groningen (gemeente)""",233273,2213,1843,14384,"0,73"
"""2019""","""Grootegast""",,,,,
"""2020""","""Grootegast""",,,,,
"""2021*""","""Grootegast""",,,,,
"""2019""","""Gulpen-Wittem""",14246,106,160,588,"-0,53"
"""2020""","""Gulpen-Wittem""",14171,102,213,529,"0,25"
"""2021*""","""Gulpen-Wittem""",14206,99,183,567,"-0,15"
"""2019""","""Haaksbergen""",24277,187,243,690,"0,14"
"""2020""","""Haaksbergen""",24311,201,285,797,"-0,34"
"""2021*""","""Haaksbergen""",24229,229,295,694,"0,16"
"""2019""","""Haaren""",14195,109,127,561,"1,23"
"""2020""","""Haaren""",14370,131,143,686,"-0,36"
"""2021*""","""Haaren""",,,,,
"""2019""","""Haarlem""",161265,1900,1406,8785,"1,02"
"""2020""","""Haarlem""",162902,1834,1511,9899,"-0,22"
"""2021*""","""Haarlem""",162543,1920,1522,9565,"0,21"
"""2019""","""Haarlemmerliede en Spaarnwoude""",,,,,
"""2020""","""Haarlemmerliede en Spaarnwoude""",,,,,
"""2021*""","""Haarlemmerliede en Spaarnwoude""",,,,,
"""2019""","""Haarlemmermeer""",154235,1397,1034,7732,"1,15"
"""2020""","""Haarlemmermeer""",156002,1513,1128,7407,"1,15"
"""2021*""","""Haarlemmermeer""",157789,1578,1141,7343,"0,98"
"""2019""","""Haelen""",,,,,
"""2020""","""Haelen""",,,,,
"""2021*""","""Haelen""",,,,,
"""2019""","""Halderberge""",30194,242,300,1229,"0,3"
"""2020""","""Halderberge""",30284,255,348,1192,"0,48"
"""2021*""","""Halderberge""",30430,271,365,1126,"1,1"
"""2019""","""Hardenberg""",60574,625,472,1901,"0,62"
"""2020""","""Hardenberg""",60948,604,526,1803,"0,67"
"""2021*""","""Hardenberg""",61357,679,564,2059,"0,71"
"""2019""","""Harderwijk""",47581,559,382,2204,"1,75"
"""2020""","""Harderwijk""",48414,495,403,2392,"0,64"
"""2021*""","""Harderwijk""",48726,531,472,2390,"0,27"
"""2019""","""Hardinxveld-Giessendam""",18051,229,176,525,"1,35"
"""2020""","""Hardinxveld-Giessendam""",18295,245,205,595,"0,64"
"""2021*""","""Hardinxveld-Giessendam""",18413,253,184,691,"0,53"
"""2019""","""Haren""",,,,,
"""2020""","""Haren""",,,,,
"""2021*""","""Haren""",,,,,
"""2019""","""Harenkarspel""",,,,,
"""2020""","""Harenkarspel""",,,,,
"""2021*""","""Harenkarspel""",,,,,
"""2019""","""Harlingen""",15758,111,170,664,"-0,23"
"""2020""","""Harlingen""",15722,103,185,607,"0,54"
"""2021*""","""Harlingen""",15807,153,202,599,"0,63"
"""2019""","""Hattem""",12173,102,129,487,"0,3"
"""2020""","""Hattem""",12209,125,124,500,"0,16"
"""2021*""","""Hattem""",12228,127,119,459,"0,63"
"""2019""","""Heel""",,,,,
"""2020""","""Heel""",,,,,
"""2021*""","""Heel""",,,,,
"""2019""","""Heemskerk""",39164,320,399,1600,"0,05"
"""2020""","""Heemskerk""",39182,368,448,1651,"0,02"
"""2021*""","""Heemskerk""",39191,377,451,1515,"-0,02"
"""2019""","""Heemstede""",27286,213,341,1535,"-0,19"
"""2020""","""Heemstede""",27234,217,403,1620,"1,14"
"""2021*""","""Heemstede""",27545,218,369,1558,"0,05"
"""2019""","""Heerde""",18546,153,245,643,"0,23"
"""2020""","""Heerde""",18589,167,260,666,"1,01"
"""2021*""","""Heerde""",18776,167,209,683,"1,08"
"""2019""","""Heerenveen""",50257,427,494,2053,"0,47"
"""2020""","""Heerenveen""",50493,451,547,2001,"0,31"
"""2021*""","""Heerenveen""",50650,451,533,1928,"0,93"
"""2019""","""Heerhugowaard""",56742,557,374,2952,"1,49"
"""2020""","""Heerhugowaard""",57587,617,453,2998,"1,39"
"""2021*""","""Heerhugowaard""",58387,665,466,2868,"1,1"
"""2019""","""Heerjansdam""",,,,,
"""2020""","""Heerjansdam""",,,,,
"""2021*""","""Heerjansdam""",,,,,
"""2019""","""Heerlen""",86832,669,1066,4347,"0,29"
"""2020""","""Heerlen""",87086,694,1168,4617,"-0,17"
"""2021*""","""Heerlen""",86936,692,1271,4689,"-0,09"
"""2019""","""Heeze-Leende""",15964,149,165,570,"1,18"
"""2020""","""Heeze-Leende""",16152,121,181,590,"0,56"
"""2021*""","""Heeze-Leende""",16243,150,178,580,"1,45"
"""2019""","""Heiloo""",23464,172,189,1033,"2,15"
"""2020""","""Heiloo""",23968,181,263,1157,"0,73"
"""2021*""","""Heiloo""",24144,188,274,949,"1,13"
"""2019""","""Helden""",,,,,
"""2020""","""Helden""",,,,,
"""2021*""","""Helden""",,,,,
"""2019""","""Den Helder""",55604,527,582,1848,"1,24"
"""2020""","""Den Helder""",56296,483,614,1870,"0,51"
"""2021*""","""Den Helder""",56582,515,697,2331,"-0,43"
"""2019""","""Hellendoorn""",35808,346,333,867,"0,3"
"""2020""","""Hellendoorn""",35916,312,390,905,"0,04"
"""2021*""","""Hellendoorn""",35932,352,397,852,"0,03"
"""2019""","""Hellevoetsluis""",40049,318,347,1553,"0,23"
"""2020""","""Hellevoetsluis""",40142,338,342,1476,"0,42"
"""2021*""","""Hellevoetsluis""",40312,352,376,1359,"0,64"
"""2019""","""Helmond""",91524,914,711,3117,"0,98"
"""2020""","""Helmond""",92423,823,870,3436,"0,22"
"""2021*""","""Helmond""",92627,943,870,3309,"0,91"
"""2019""","""Hendrik-Ido-Ambacht""",30966,406,228,1403,"0,76"
"""2020""","""Hendrik-Ido-Ambacht""",31202,417,251,1312,"0,18"
"""2021*""","""Hendrik-Ido-Ambacht""",31258,376,258,1397,"1,29"
"""2019""","""Hengelo (Gld.)""",,,,,
"""2020""","""Hengelo (Gld.)""",,,,,
"""2021*""","""Hengelo (Gld.)""",,,,,
"""2019""","""Hengelo (O.)""",80683,669,803,2767,"0,57"
"""2020""","""Hengelo (O.)""",81140,697,868,3350,"-0,11"
"""2021*""","""Hengelo (O.)""",81049,703,852,3129,"0,47"
"""2019""","""'s-Hertogenbosch""",154205,1540,1331,6840,"0,59"
"""2020""","""'s-Hertogenbosch""",155111,1524,1493,7275,"0,24"
"""2021*""","""'s-Hertogenbosch""",155490,1691,1496,6969,"0,66"
"""2019""","""Heumen""",16486,98,159,902,"-0,19"
"""2020""","""Heumen""",16454,140,166,816,"0,7"
"""2021*""","""Heumen""",16569,129,152,758,"3,79"
"""2019""","""Heusden""",44135,397,364,1529,"1,26"
"""2020""","""Heusden""",44692,369,423,1612,"0,7"
"""2021*""","""Heusden""",45005,454,422,1643,"1,25"
"""2019""","""Heythuysen""",,,,,
"""2020""","""Heythuysen""",,,,,
"""2021*""","""Heythuysen""",,,,,
"""2019""","""Hillegom""",21966,218,218,898,"1,11"
"""2020""","""Hillegom""",22209,210,219,1064,"-0,05"
"""2021*""","""Hillegom""",22197,238,277,981,"0,55"
"""2019""","""Hilvarenbeek""",15334,112,116,459,"1,2"
"""2020""","""Hilvarenbeek""",15518,152,154,549,"1,16"
"""2021*""","""Hilvarenbeek""",15698,134,144,471,"0,69"
"""2019""","""Hilversum""",90238,893,879,5451,"0,66"
"""2020""","""Hilversum""",90831,915,922,5256,"0,44"
"""2021*""","""Hilversum""",91235,934,953,5359,"0,53"
"""2019""","""Hoeksche Waard""",86656,782,796,1920,"0,86"
"""2020""","""Hoeksche Waard""",87401,792,858,1993,"0,74"
"""2021*""","""Hoeksche Waard""",88047,839,852,2194,"0,77"
"""2019""","""Hof van Twente""",34940,246,369,1021,"0,22"
"""2020""","""Hof van Twente""",35017,260,417,1077,"0,07"
"""2021*""","""Hof van Twente""",35040,288,475,1017,"0,05"
"""2019""","""Het Hogeland""",47888,415,490,1718,"-0,18"
"""2020""","""Het Hogeland""",47801,386,495,1659,"0,07"
"""2021*""","""Het Hogeland""",47834,412,504,1578,"0,36"
"""2019""","""Hollands Kroon""",47815,420,377,1753,"1,29"
"""2020""","""Hollands Kroon""",48432,430,409,1790,"0,31"
"""2021*""","""Hollands Kroon""",48583,440,453,1649,"0,42"
"""2019""","""Hontenisse""",,,,,
"""2020""","""Hontenisse""",,,,,
"""2021*""","""Hontenisse""",,,,,
"""2019""","""Hoogeveen""",55662,536,520,2061,"0,07"
"""2020""","""Hoogeveen""",55699,513,597,2026,"-0,17"
"""2021*""","""Hoogeveen""",55603,555,671,2087,"0,48"
"""2019""","""Hoogezand-Sappemeer""",,,,,
"""2020""","""Hoogezand-Sappemeer""",,,,,
"""2021*""","""Hoogezand-Sappemeer""",,,,,
"""2019""","""Hoorn""",73004,743,679,2638,"0,35"
"""2020""","""Hoorn""",73261,761,689,2797,"0,49"
"""2021*""","""Hoorn""",73619,765,745,2707,"0,94"
"""2019""","""Horst aan de Maas""",42291,353,419,1282,"0,33"
"""2020""","""Horst aan de Maas""",42429,327,455,1185,"0,14"
"""2021*""","""Horst aan de Maas""",42487,401,422,1139,"1,3"
"""2019""","""Houten""",49911,500,265,1939,"0,47"
"""2020""","""Houten""",50146,489,324,2146,"0,15"
"""2021*""","""Houten""",50223,536,305,2116,"0,21"
"""2019""","""Huizen""",41273,343,425,1743,0
"""2020""","""Huizen""",41273,326,488,2009,"-0,44"
"""2021*""","""Huizen""",41090,356,470,2057,"-0,36"
"""2019""","""Hulst""",27524,182,277,692,"0,12"
"""2020""","""Hulst""",27556,202,320,698,"0,07"
"""2021*""","""Hulst""",27575,177,322,663,"-0,16"
"""2019""","""Hummelo en Keppel""",,,,,
"""2020""","""Hummelo en Keppel""",,,,,
"""2021*""","""Hummelo en Keppel""",,,,,
"""2019""","""Hunsel""",,,,,
"""2020""","""Hunsel""",,,,,
"""2021*""","""Hunsel""",,,,,
"""2019""","""IJsselstein""",34160,298,293,1404,"-0,15"
"""2020""","""IJsselstein""",34109,311,329,1684,"-0,85"
"""2021*""","""IJsselstein""",33819,321,304,1675,"-1,13"
"""2019""","""Jacobswoude""",,,,,
"""2020""","""Jacobswoude""",,,,,
"""2021*""","""Jacobswoude""",,,,,
"""2019""","""Kaag en Braassem""",26866,285,215,931,"1,6"
"""2020""","""Kaag en Braassem""",27297,267,218,1073,"0,89"
"""2021*""","""Kaag en Braassem""",27541,308,227,1046,"1,29"
"""2019""","""Kampen""",53779,629,398,1449,1
"""2020""","""Kampen""",54319,637,476,1631,"0,29"
"""2021*""","""Kampen""",54474,692,438,1513,"0,56"
"""2019""","""Kapelle""",12785,114,111,689,"-0,7"
"""2020""","""Kapelle""",12695,132,105,528,"1,47"
"""2021*""","""Kapelle""",12882,129,112,515,"1,09"
"""2019""","""Katwijk""",65302,718,536,1630,"0,69"
"""2020""","""Katwijk""",65753,712,614,1814,"0,37"
"""2021*""","""Katwijk""",65995,767,564,1908,"0,07"
"""2019""","""Kerkrade""",45642,351,658,1921,"0,23"
"""2020""","""Kerkrade""",45749,322,732,2104,"-0,67"
"""2021*""","""Kerkrade""",45442,355,763,2159,"-0,33"
"""2019""","""Kessel""",,,,,
"""2020""","""Kessel""",,,,,
"""2021*""","""Kessel""",,,,,
"""2019""","""Kesteren""",,,,,
"""2020""","""Kesteren""",,,,,
"""2021*""","""Kesteren""",,,,,
"""2019""","""Koggenland""",22738,183,187,907,"0,05"
"""2020""","""Koggenland""",22749,201,196,907,"0,84"
"""2021*""","""Koggenland""",22940,247,205,914,"0,44"
"""2019""","""Kollumerland en Nieuwkruisland""",,,,,
"""2020""","""Kollumerland en Nieuwkruisland""",,,,,
"""2021*""","""Kollumerland en Nieuwkruisland""",,,,,
"""2019""","""Korendijk""",,,,,
"""2020""","""Korendijk""",,,,,
"""2021*""","""Korendijk""",,,,,
"""2019""","""Krimpen aan den IJssel""",29376,321,283,1091,"0,51"
"""2020""","""Krimpen aan den IJssel""",29526,268,352,1303,"-0,39"
"""2021*""","""Krimpen aan den IJssel""",29410,311,331,1221,"0,02"
"""2019""","""Krimpenerwaard""",56048,588,475,1778,"0,48"
"""2020""","""Krimpenerwaard""",56319,589,513,1861,"0,54"
"""2021*""","""Krimpenerwaard""",56622,652,496,1728,"0,78"
"""2019""","""Laarbeek""",22333,214,217,779,"0,85"
"""2020""","""Laarbeek""",22523,198,257,719,"1,25"
"""2021*""","""Laarbeek""",22805,250,230,754,"0,61"
"""2019""","""Land van Cuijk""",,,,,
"""2020""","""Land van Cuijk""",,,,,
"""2021*""","""Land van Cuijk""",,,,,
"""2019""","""Landerd""",15529,121,143,556,"1,29"
"""2020""","""Landerd""",15730,140,163,576,"0,55"
"""2021*""","""Landerd""",15817,156,162,522,"0,62"
"""2019""","""Landgraaf""",37591,278,428,1753,"-0,39"
"""2020""","""Landgraaf""",37445,291,483,1765,"-0,49"
"""2021*""","""Landgraaf""",37262,281,549,1780,"-0,66"
"""2019""","""Landsmeer""",11488,102,99,505,"0,03"
"""2020""","""Landsmeer""",11491,90,106,544,"0,64"
"""2021*""","""Landsmeer""",11565,102,98,565,"-0,04"
"""2019""","""Langedijk""",27992,261,186,1371,"0,61"
"""2020""","""Langedijk""",28163,281,205,1378,"0,61"
"""2021*""","""Langedijk""",28335,281,247,1264,"1,02"
"""2019""","""Lansingerland""",61601,666,389,2193,"1,25"
"""2020""","""Lansingerland""",62384,709,423,2279,"1,57"
"""2021*""","""Lansingerland""",63363,749,431,2393,"1,19"
"""2019""","""Laren (NH.)""",11195,76,234,679,"0,76"
"""2020""","""Laren (NH.)""",11280,96,289,733,"1,05"
"""2021*""","""Laren (NH.)""",11398,79,280,749,"1,12"
"""2019""","""Leek""",,,,,
"""2020""","""Leek""",,,,,
"""2021*""","""Leek""",,,,,
"""2019""","""Leerdam""",,,,,
"""2020""","""Leerdam""",,,,,
"""2021*""","""Leerdam""",,,,,
"""2019""","""Leersum""",,,,,
"""2020""","""Leersum""",,,,,
"""2021*""","""Leersum""",,,,,
"""2019""","""Leeuwarden""",123107,1181,1181,5946,"0,79"
"""2020""","""Leeuwarden""",124084,1140,1100,6142,"0,32"
"""2021*""","""Leeuwarden""",124481,1290,1235,5714,"0,83"
"""2019""","""Leeuwarderadeel""",,,,,
"""2020""","""Leeuwarderadeel""",,,,,
"""2021*""","""Leeuwarderadeel""",,,,,
"""2019""","""Leiden""",124899,1112,992,8462,"0,16"
"""2020""","""Leiden""",125099,1094,1008,9181,"-0,8"
"""2021*""","""Leiden""",124093,1087,1054,8553,"0,81"
"""2019""","""Leiderdorp""",27109,277,239,1395,"-0,2"
"""2020""","""Leiderdorp""",27056,242,249,1395,"1,19"
"""2021*""","""Leiderdorp""",27377,244,252,1440,"0,31"
"""2019""","""Leidschendam-Voorburg""",75425,811,755,4050,"1,47"
"""2020""","""Leidschendam-Voorburg""",76534,697,806,4675,"-0,13"
"""2021*""","""Leidschendam-Voorburg""",76433,755,820,4753,"0,28"
"""2019""","""Lelystad""",77893,783,599,3185,"0,91"
"""2020""","""Lelystad""",78598,814,683,3099,"1,54"
"""2021*""","""Lelystad""",79811,862,685,3191,"1,74"
"""2019""","""Lemsterland""",,,,,
"""2020""","""Lemsterland""",,,,,
"""2021*""","""Lemsterland""",,,,,
"""2019""","""Leudal""",35681,270,362,1583,"0,55"
"""2020""","""Leudal""",35879,275,451,1635,"0,46"
"""2021*""","""Leudal""",36045,280,436,1785,"-0,29"
"""2019""","""Leusden""",30030,282,235,1181,"1,24"
"""2020""","""Leusden""",30401,291,254,1436,"0,47"
"""2021*""","""Leusden""",30544,294,310,1330,"0,53"
"""2019""","""Lichtenvoorde""",,,,,
"""2020""","""Lichtenvoorde""",,,,,
"""2021*""","""Lichtenvoorde""",,,,,
"""2019""","""Liemeer""",,,,,
"""2020""","""Liemeer""",,,,,
"""2021*""","""Liemeer""",,,,,
"""2019""","""De Lier""",,,,,
"""2020""","""De Lier""",,,,,
"""2021*""","""De Lier""",,,,,
"""2019""","""Liesveld""",,,,,
"""2020""","""Liesveld""",,,,,
"""2021*""","""Liesveld""",,,,,
"""2019""","""Lingewaal""",,,,,
"""2020""","""Lingewaal""",,,,,
"""2021*""","""Lingewaal""",,,,,
"""2019""","""Lingewaard""",46475,382,381,1604,"0,27"
"""2020""","""Lingewaard""",46601,391,430,1654,"0,47"
"""2021*""","""Lingewaard""",46822,385,454,1595,"0,31"
"""2019""","""Lisse""",22800,220,187,965,"0,68"
"""2020""","""Lisse""",22955,218,231,908,"0,12"
"""2021*""","""Lisse""",22982,229,211,907,"0,13"
"""2019""","""Lith""",,,,,
"""2020""","""Lith""",,,,,
"""2021*""","""Lith""",,,,,
"""2019""","""Littenseradiel""",,,,,
"""2020""","""Littenseradiel""",,,,,
"""2021*""","""Littenseradiel""",,,,,
"""2019""","""Lochem""",33590,230,401,1435,"0,41"
"""2020""","""Lochem""",33729,205,445,1419,"0,65"
"""2021*""","""Lochem""",33948,250,460,1368,"0,36"
"""2019""","""Loenen""",,,,,
"""2020""","""Loenen""",,,,,
"""2021*""","""Loenen""",,,,,
"""2019""","""Loon op Zand""",23327,222,220,1018,"0,35"
"""2020""","""Loon op Zand""",23408,202,274,1071,"0,41"
"""2021*""","""Loon op Zand""",23504,254,267,1045,"1,14"
"""2019""","""Lopik""",14473,166,86,603,"-0,04"
"""2020""","""Lopik""",14467,144,89,621,"-0,08"
"""2021*""","""Lopik""",14456,150,102,663,"0,39"
"""2019""","""Loppersum""",9614,82,89,564,"-0,8"
"""2020""","""Loppersum""",9537,82,69,460,"-0,44"
"""2021*""","""Loppersum""",,,,,
"""2019""","""Losser""",22622,203,223,782,"0,27"
"""2020""","""Losser""",22683,188,261,739,"0,9"
"""2021*""","""Losser""",22888,216,258,686,"0,82"
"""2019""","""Maarn""",,,,,
"""2020""","""Maarn""",,,,,
"""2021*""","""Maarn""",,,,,
"""2019""","""Maarssen""",,,,,
"""2020""","""Maarssen""",,,,,
"""2021*""","""Maarssen""",,,,,
"""2019""","""Maasbracht""",,,,,
"""2020""","""Maasbracht""",,,,,
"""2021*""","""Maasbracht""",,,,,
"""2019""","""Maasbree""",,,,,
"""2020""","""Maasbree""",,,,,
"""2021*""","""Maasbree""",,,,,
"""2019""","""Maasdonk""",,,,,
"""2020""","""Maasdonk""",,,,,
"""2021*""","""Maasdonk""",,,,,
"""2019""","""Maasdriel""",24693,206,208,988,"1,36"
"""2020""","""Maasdriel""",25030,206,234,1027,"1,69"
"""2021*""","""Maasdriel""",25452,241,243,1026,"0,23"
"""2019""","""Maasgouw""",23716,142,274,1020,"1,05"
"""2020""","""Maasgouw""",23965,184,324,1062,"-0,08"
"""2021*""","""Maasgouw""",23947,201,362,907,"0,34"
"""2019""","""Maashorst""",,,,,
"""2020""","""Maashorst""",,,,,
"""2021*""","""Maashorst""",,,,,
"""2019""","""Maasland""",,,,,
"""2020""","""Maasland""",,,,,
"""2021*""","""Maasland""",,,,,
"""2019""","""Maassluis""",32768,352,329,1192,"1,36"
"""2020""","""Maassluis""",33213,360,363,1226,"1,07"
"""2021*""","""Maassluis""",33567,384,351,1272,"1,73"
"""2019""","""Maastricht""",121565,856,1298,6164,"0,01"
"""2020""","""Maastricht""",121575,810,1482,6346,"-1,11"
"""2021*""","""Maastricht""",120227,856,1391,6506,"0,73"
"""2019""","""Margraten""",,,,,
"""2020""","""Margraten""",,,,,
"""2021*""","""Margraten""",,,,,
"""2019""","""De Marne""",,,,,
"""2020""","""De Marne""",,,,,
"""2021*""","""De Marne""",,,,,
"""2019""","""Marum""",,,,,
"""2020""","""Marum""",,,,,
"""2021*""","""Marum""",,,,,
"""2019""","""Medemblik""",44809,368,400,1602,"0,65"
"""2020""","""Medemblik""",45101,374,421,1892,"0,14"
"""2021*""","""Medemblik""",45165,457,484,1713,"0,63"
"""2019""","""Meerlo-Wanssum""",,,,,
"""2020""","""Meerlo-Wanssum""",,,,,
"""2021*""","""Meerlo-Wanssum""",,,,,
"""2019""","""Meerssen""",18923,101,217,813,"-0,5"
"""2020""","""Meerssen""",18828,143,264,876,"-0,89"
"""2021*""","""Meerssen""",18661,138,253,768,"-0,42"
"""2019""","""Meierijstad""",80815,741,720,2409,"0,47"
"""2020""","""Meierijstad""",81194,809,917,2560,"0,56"
"""2021*""","""Meierijstad""",81647,824,762,2363,"1,18"
"""2019""","""Meijel""",,,,,
"""2020""","""Meijel""",,,,,
"""2021*""","""Meijel""",,,,,
"""2019""","""Menaldumadeel""",,,,,
"""2020""","""Menaldumadeel""",,,,,
"""2021*""","""Menaldumadeel""",,,,,
"""2019""","""Menameradiel""",,,,,
"""2020""","""Menameradiel""",,,,,
"""2021*""","""Menameradiel""",,,,,
"""2019""","""Menterwolde""",,,,,
"""2020""","""Menterwolde""",,,,,
"""2021*""","""Menterwolde""",,,,,
"""2019""","""Meppel""",33564,311,333,1377,"1,06"
"""2020""","""Meppel""",33920,302,322,1366,"1,37"
"""2021*""","""Meppel""",34386,363,389,1395,"1,1"
"""2019""","""Middelburg (Z.)""",48544,485,492,2223,"0,57"
"""2020""","""Middelburg (Z.)""",48822,461,438,2461,"0,29"
"""2021*""","""Middelburg (Z.)""",48964,459,594,2370,"0,44"
"""2019""","""Middelharnis""",,,,,
"""2020""","""Middelharnis""",,,,,
"""2021*""","""Middelharnis""",,,,,
"""2019""","""Midden-Delfland""",19391,172,139,831,"-0,26"
"""2020""","""Midden-Delfland""",19341,178,137,919,"0,38"
"""2021*""","""Midden-Delfland""",19414,183,144,811,"0,34"
"""2019""","""Midden-Drenthe""",33178,248,367,1392,"0,02"
"""2020""","""Midden-Drenthe""",33185,246,371,1412,"0,59"
"""2021*""","""Midden-Drenthe""",33381,319,380,1309,"0,87"
"""2019""","""Midden-Groningen""",60899,514,580,2463,"-0,17"
"""2020""","""Midden-Groningen""",60797,503,605,2534,"-0,12"
"""2021*""","""Midden-Groningen""",60726,490,660,2351,"0,27"
"""2019""","""Mierlo""",,,,,
"""2020""","""Mierlo""",,,,,
"""2021*""","""Mierlo""",,,,,
"""2019""","""Mill en Sint Hubert""",10891,77,92,426,"0,44"
"""2020""","""Mill en Sint Hubert""",10939,98,125,389,"0,59"
"""2021*""","""Mill en Sint Hubert""",11004,95,104,397,"0,55"
"""2019""","""Millingen aan de Rijn""",,,,,
"""2020""","""Millingen aan de Rijn""",,,,,
"""2021*""","""Millingen aan de Rijn""",,,,,
"""2019""","""Moerdijk""",36961,286,370,1328,"0,45"
"""2020""","""Moerdijk""",37129,296,395,1354,"0,15"
"""2021*""","""Moerdijk""",37185,329,437,1338,"0,35"
"""2019""","""Molenlanden""",43858,458,323,1437,"0,12"
"""2020""","""Molenlanden""",43909,459,305,1557,"0,5"
"""2021*""","""Molenlanden""",44130,513,373,1390,"1,16"
"""2019""","""Molenwaard""",,,,,
"""2020""","""Molenwaard""",,,,,
"""2021*""","""Molenwaard""",,,,,
"""2019""","""Monster""",,,,,
"""2020""","""Monster""",,,,,
"""2021*""","""Monster""",,,,,
"""2019""","""Montferland""",36026,315,399,1522,"-0,04"
"""2020""","""Montferland""",36011,304,405,1420,"0,06"
"""2021*""","""Montferland""",36031,316,433,1333,"0,88"
"""2019""","""Montfoort""",13996,139,90,481,"-0,56"
"""2020""","""Montfoort""",13917,129,89,525,"-0,15"
"""2021*""","""Montfoort""",13896,131,74,603,"-0,59"
"""2019""","""Mook en Middelaar""",7806,52,66,397,"0,53"
"""2020""","""Mook en Middelaar""",7847,43,69,431,"0,79"
"""2021*""","""Mook en Middelaar""",7909,64,71,348,"0,96"
"""2019""","""Moordrecht""",,,,,
"""2020""","""Moordrecht""",,,,,
"""2021*""","""Moordrecht""",,,,,
"""2019""","""Muiden""",,,,,
"""2020""","""Muiden""",,,,,
"""2021*""","""Muiden""",,,,,
"""2019""","""Naaldwijk""",,,,,
"""2020""","""Naaldwijk""",,,,,
"""2021*""","""Naaldwijk""",,,,,
"""2019""","""Naarden""",,,,,
"""2020""","""Naarden""",,,,,
"""2021*""","""Naarden""",,,,,
"""2019""","""Neder-Betuwe""",24034,344,184,865,"1,27"
"""2020""","""Neder-Betuwe""",24339,349,210,806,"1,27"
"""2021*""","""Neder-Betuwe""",24648,371,210,911,"1,56"
"""2019""","""Nederlek""",,,,,
"""2020""","""Nederlek""",,,,,
"""2021*""","""Nederlek""",,,,,
"""2019""","""Nederweert""",17001,141,125,609,"0,11"
"""2020""","""Nederweert""",17019,147,172,616,"0,89"
"""2021*""","""Nederweert""",17171,180,169,640,"0,88"
"""2019""","""Neede""",,,,,
"""2020""","""Neede""",,,,,
"""2021*""","""Neede""",,,,,
"""2019""","""Neerijnen""",,,,,
"""2020""","""Neerijnen""",,,,,
"""2021*""","""Neerijnen""",,,,,
"""2019""","""Niedorp""",,,,,
"""2020""","""Niedorp""",,,,,
"""2021*""","""Niedorp""",,,,,
"""2019""","""Nieuwegein""",63036,741,434,3485,"0,68"
"""2020""","""Nieuwegein""",63462,664,454,3624,"0,64"
"""2021*""","""Nieuwegein""",63866,695,476,3609,"1,05"
"""2019""","""Nieuwerkerk aan den IJssel""",,,,,
"""2020""","""Nieuwerkerk aan den IJssel""",,,,,
"""2021*""","""Nieuwerkerk aan den IJssel""",,,,,
"""2019""","""Nieuwkoop""",28628,284,202,1050,"0,64"
"""2020""","""Nieuwkoop""",28811,327,264,1038,"1,18"
"""2021*""","""Nieuwkoop""",29151,312,219,999,"0,52"
"""2019""","""Nieuw-Lekkerland""",,,,,
"""2020""","""Nieuw-Lekkerland""",,,,,
"""2021*""","""Nieuw-Lekkerland""",,,,,
"""2019""","""Nijefurd""",,,,,
"""2020""","""Nijefurd""",,,,,
"""2021*""","""Nijefurd""",,,,,
"""2019""","""Nijkerk""",42943,451,314,1602,"0,53"
"""2020""","""Nijkerk""",43171,456,299,1529,"0,99"
"""2021*""","""Nijkerk""",43600,476,366,1566,"1,64"
"""2019""","""Nijmegen""",176731,1738,1352,9947,"0,53"
"""2020""","""Nijmegen""",177659,1823,1555,10359,"-0,17"
"""2021*""","""Nijmegen""",177359,1814,1560,9422,"0,97"
"""2019""","""Nissewaard""",84797,858,710,3180,"0,5"
"""2020""","""Nissewaard""",85219,814,784,3280,"0,26"
"""2021*""","""Nissewaard""",85440,912,762,3285,"1,05"
"""2019""","""Noardeast-Fryslân""",45181,424,415,1507,"0,1"
"""2020""","""Noardeast-Fryslân""",45228,430,485,1439,"0,56"
"""2021*""","""Noardeast-Fryslân""",45481,453,516,1447,"0,23"
"""2019""","""Noord-Beveland""",7308,44,83,433,"1,15"
"""2020""","""Noord-Beveland""",7392,39,86,387,"2,56"
"""2021*""","""Noord-Beveland""",7581,62,120,393,"1,09"
"""2019""","""Noordenveld""",31290,212,318,1474,"-0,12"
"""2020""","""Noordenveld""",31253,255,369,1488,"-0,12"
"""2021*""","""Noordenveld""",31214,236,388,1477,"0,07"
"""2019""","""Noorder-Koggenland""",,,,,
"""2020""","""Noorder-Koggenland""",,,,,
"""2021*""","""Noorder-Koggenland""",,,,,
"""2019""","""Noordoostpolder""",46849,556,355,1950,"0,94"
"""2020""","""Noordoostpolder""",47291,516,393,2056,"0,62"
"""2021*""","""Noordoostpolder""",47583,573,434,2256,"0,98"
"""2019""","""Noordwijk""",42859,347,385,1580,"1,51"
"""2020""","""Noordwijk""",43508,381,415,1660,"1,27"
"""2021*""","""Noordwijk""",44062,401,449,1711,"0,68"
"""2019""","""Noordwijkerhout""",,,,,
"""2020""","""Noordwijkerhout""",,,,,
"""2021*""","""Noordwijkerhout""",,,,,
"""2019""","""Nuenen, Gerwen en Nederwetten""",23186,206,189,906,"0,85"
"""2020""","""Nuenen, Gerwen en Nederwetten""",23383,222,211,1003,"1,36"
"""2021*""","""Nuenen, Gerwen en Nederwetten""",23702,202,210,1033,"0,53"
"""2019""","""Nunspeet""",27481,329,246,913,"1,35"
"""2020""","""Nunspeet""",27851,334,345,1036,"0,61"
"""2021*""","""Nunspeet""",28021,368,278,963,"0,71"
"""2019""","""Nuth""",,,,,
"""2020""","""Nuth""",,,,,
"""2021*""","""Nuth""",,,,,
"""2019""","""Obdam""",,,,,
"""2020""","""Obdam""",,,,,
"""2021*""","""Obdam""",,,,,
"""2019""","""Oegstgeest""",24426,248,205,1425,"1,69"
"""2020""","""Oegstgeest""",24840,232,266,1565,"0,9"
"""2021*""","""Oegstgeest""",25064,228,210,1460,"1,73"
"""2019""","""Oirschot""",18623,151,187,609,"0,49"
"""2020""","""Oirschot""",18714,146,225,677,"0,68"
"""2021*""","""Oirschot""",18842,170,178,601,"1,16"
"""2019""","""Oisterwijk""",26140,200,293,1314,"0,4"
"""2020""","""Oisterwijk""",26245,206,284,1337,"1,16"
"""2021*""","""Oisterwijk""",32373,348,384,1715,"0,43"
"""2019""","""Oldambt""",38129,308,456,1486,"0,21"
"""2020""","""Oldambt""",38209,291,495,1477,"0,18"
"""2021*""","""Oldambt""",38277,290,565,1460,"0,6"
"""2019""","""Oldebroek""",23598,284,173,955,"0,2"
"""2020""","""Oldebroek""",23646,239,244,910,"0,48"
"""2021*""","""Oldebroek""",23760,262,199,907,"0,72"
"""2019""","""Oldenzaal""",31840,261,347,983,"-0,01"
"""2020""","""Oldenzaal""",31836,224,350,944,"-0,42"
"""2021*""","""Oldenzaal""",31701,279,387,834,"0,14"
"""2019""","""Olst""",,,,,
"""2020""","""Olst""",,,,,
"""2021*""","""Olst""",,,,,
"""2019""","""Olst-Wijhe""",18071,162,174,713,1
"""2020""","""Olst-Wijhe""",18252,172,199,752,"0,6"
"""2021*""","""Olst-Wijhe""",18361,157,208,676,"0,75"
"""2019""","""Ommen""",17813,171,139,740,"1,1"
"""2020""","""Ommen""",18009,166,181,778,"1,59"
"""2021*""","""Ommen""",18295,171,175,626,"0,95"
"""2019""","""Onderbanken""",,,,,
"""2020""","""Onderbanken""",,,,,
"""2021*""","""Onderbanken""",,,,,
"""2019""","""Oost Gelre""",29704,253,294,1034,"-0,26"
"""2020""","""Oost Gelre""",29627,282,316,978,"-0,18"
"""2021*""","""Oost Gelre""",29574,276,320,917,"0,11"
"""2019""","""Oostburg""",,,,,
"""2020""","""Oostburg""",,,,,
"""2021*""","""Oostburg""",,,,,
"""2019""","""Oosterhout""",55616,493,500,2051,"0,66"
"""2020""","""Oosterhout""",55982,546,582,2134,"0,4"
"""2021*""","""Oosterhout""",56206,545,577,2068,"0,58"
"""2019""","""Oostflakkee""",,,,,
"""2020""","""Oostflakkee""",,,,,
"""2021*""","""Oostflakkee""",,,,,
"""2019""","""Ooststellingwerf""",25497,210,280,1037,"-0,11"
"""2020""","""Ooststellingwerf""",25469,188,276,1103,"-0,02"
"""2021*""","""Ooststellingwerf""",25464,202,313,964,"0,85"
"""2019""","""Oostzaan""",9757,90,76,423,"-0,23"
"""2020""","""Oostzaan""",9735,78,91,423,"-0,47"
"""2021*""","""Oostzaan""",9689,83,93,392,"-0,46"
"""2019""","""Opmeer""",11779,104,90,465,"0,48"
"""2020""","""Opmeer""",11836,115,97,449,"1,46"
"""2021*""","""Opmeer""",12009,111,95,492,"0,54"
"""2019""","""Opsterland""",29723,274,274,1419,"0,03"
"""2020""","""Opsterland""",29733,258,290,1323,"0,27"
"""2021*""","""Opsterland""",29812,280,297,1324,"-0,08"
"""2019""","""Oss""",91451,878,758,2906,"0,51"
"""2020""","""Oss""",91915,840,924,2777,"0,66"
"""2021*""","""Oss""",92526,892,872,2828,"0,85"
"""2019""","""Oud-Beijerland""",,,,,
"""2020""","""Oud-Beijerland""",,,,,
"""2021*""","""Oud-Beijerland""",,,,,
"""2019""","""Oude IJsselstreek""",39473,295,468,1355,"-0,22"
"""2020""","""Oude IJsselstreek""",39388,317,524,1270,"-0,11"
"""2021*""","""Oude IJsselstreek""",39346,282,509,1213,"0,1"
"""2019""","""Ouder-Amstel""",13916,147,97,801,"0,79"
"""2020""","""Ouder-Amstel""",14026,130,92,924,"0,71"
"""2021*""","""Ouder-Amstel""",14125,157,121,948,"0,57"
"""2019""","""Ouderkerk""",,,,,
"""2020""","""Ouderkerk""",,,,,
"""2021*""","""Ouderkerk""",,,,,
"""2019""","""Oudewater""",10201,118,82,306,"0,28"
"""2020""","""Oudewater""",10230,83,86,374,"-0,9"
"""2021*""","""Oudewater""",10138,91,83,342,"0,22"
"""2019""","""Overbetuwe""",47543,470,364,2093,"0,76"
"""2020""","""Overbetuwe""",47906,468,404,2153,"0,64"
"""2021*""","""Overbetuwe""",48214,458,386,2084,"0,11"
"""2019""","""Papendrecht""",32290,300,265,1369,"-0,48"
"""2020""","""Papendrecht""",32136,272,321,1377,"0,11"
"""2021*""","""Papendrecht""",32171,330,289,1423,"0,1"
"""2019""","""Peel en Maas""",43311,347,402,1170,"0,26"
"""2020""","""Peel en Maas""",43425,362,505,1114,"0,54"
"""2021*""","""Peel en Maas""",43660,419,406,1105,"1,42"
"""2019""","""Pekela""",12214,105,117,654,"-0,15"
"""2020""","""Pekela""",12196,106,111,644,"-0,16"
"""2021*""","""Pekela""",12176,109,170,648,"0,21"
"""2019""","""Pijnacker-Nootdorp""",54331,543,316,2257,"1,8"
"""2020""","""Pijnacker-Nootdorp""",55308,541,323,2537,"0,66"
"""2021*""","""Pijnacker-Nootdorp""",55674,594,371,2512,"1,58"
"""2019""","""Purmerend""",80117,722,773,2759,"1,41"
"""2020""","""Purmerend""",81249,761,803,2992,"0,53"
"""2021*""","""Purmerend""",81683,766,937,3367,"-0,17"
"""2019""","""Putten""",24198,231,204,892,"-0,36"
"""2020""","""Putten""",24112,254,225,808,"1,05"
"""2021*""","""Putten""",24365,239,246,735,"0,96"
"""2019""","""Raalte""",37511,345,362,1040,"0,54"
"""2020""","""Raalte""",37712,352,395,1120,"0,53"
"""2021*""","""Raalte""",37911,363,418,1015,"0,61"
"""2019""","""Ravenstein""",,,,,
"""2020""","""Ravenstein""",,,,,
"""2021*""","""Ravenstein""",,,,,
"""2019""","""Reeuwijk""",,,,,
"""2020""","""Reeuwijk""",,,,,
"""2021*""","""Reeuwijk""",,,,,
"""2019""","""Reiderland""",,,,,
"""2020""","""Reiderland""",,,,,
"""2021*""","""Reiderland""",,,,,
"""2019""","""Reimerswaal""",22678,291,157,828,"0,23"
"""2020""","""Reimerswaal""",22730,311,177,838,"0,73"
"""2021*""","""Reimerswaal""",22896,276,191,818,"0,12"
"""2019""","""Renkum""",31302,196,375,1729,"0,37"
"""2020""","""Renkum""",31419,211,461,1731,"-0,01"
"""2021*""","""Renkum""",31417,169,405,1735,"-0,18"
"""2019""","""Renswoude""",5259,81,30,291,"3,52"
"""2020""","""Renswoude""",5444,85,34,294,"2,06"
"""2021*""","""Renswoude""",5556,92,21,335,"1,75"
"""2019""","""Reusel-De Mierden""",13060,141,77,445,"0,4"
"""2020""","""Reusel-De Mierden""",13112,129,109,454,"0,11"
"""2021*""","""Reusel-De Mierden""",13127,143,107,424,"1,11"
"""2019""","""Rheden""",43640,312,609,2301,"0,28"
"""2020""","""Rheden""",43761,362,639,2401,"-0,54"
"""2021*""","""Rheden""",43525,327,627,2263,"-0,22"
"""2019""","""Rhenen""",20004,216,161,1065,"0,57"
"""2020""","""Rhenen""",20119,220,195,1046,"0,42"
"""2021*""","""Rhenen""",20203,235,226,915,"0,29"
"""2019""","""Ridderkerk""",46241,451,488,1774,"-0,11"
"""2020""","""Ridderkerk""",46189,450,632,1796,"1,04"
"""2021*""","""Ridderkerk""",46671,475,571,1855,"0,93"
"""2019""","""Rijnsburg""",,,,,
"""2020""","""Rijnsburg""",,,,,
"""2021*""","""Rijnsburg""",,,,,
"""2019""","""Rijnwaarden""",,,,,
"""2020""","""Rijnwaarden""",,,,,
"""2021*""","""Rijnwaarden""",,,,,
"""2019""","""Rijnwoude""",,,,,
"""2020""","""Rijnwoude""",,,,,
"""2021*""","""Rijnwoude""",,,,,
"""2019""","""Rijssen""",,,,,
"""2020""","""Rijssen""",,,,,
"""2021*""","""Rijssen""",,,,,
"""2019""","""Rijssen-Holten""",38300,412,307,1044,"-0,32"
"""2020""","""Rijssen-Holten""",38177,438,375,944,"0,07"
"""2021*""","""Rijssen-Holten""",38204,435,352,905,"0,08"
"""2019""","""Rijswijk (ZH.)""",53467,683,587,4005,"1,84"
"""2020""","""Rijswijk (ZH.)""",54450,647,677,4019,"1,41"
"""2021*""","""Rijswijk (ZH.)""",55220,708,650,4172,"3,14"
"""2019""","""Roerdalen""",20615,138,201,912,"-0,2"
"""2020""","""Roerdalen""",20574,133,226,903,"0,03"
"""2021*""","""Roerdalen""",20580,173,265,755,"-0,09"
"""2019""","""Roermond""",58209,498,603,2352,"0,09"
"""2020""","""Roermond""",58260,568,634,2346,"0,86"
"""2021*""","""Roermond""",58763,572,700,2278,"0,64"
"""2019""","""Roggel en Neer""",,,,,
"""2020""","""Roggel en Neer""",,,,,
"""2021*""","""Roggel en Neer""",,,,,
"""2019""","""De Ronde Venen""",44059,387,374,1557,"0,9"
"""2020""","""De Ronde Venen""",44456,390,355,1674,"0,59"
"""2021*""","""De Ronde Venen""",44720,424,428,1781,"0,51"
"""2019""","""Roosendaal""",77032,716,788,2631,"0,28"
"""2020""","""Roosendaal""",77251,681,798,2668,"-0,07"
"""2021*""","""Roosendaal""",77200,717,870,2473,"0,06"
"""2019""","""Rotterdam""",644618,7720,5464,29146,"1,02"
"""2020""","""Rotterdam""",651157,7613,6537,32513,"0,07"
"""2021*""","""Rotterdam""",651631,7617,6003,34069,"0,59"
"""2019""","""Rozenburg""",,,,,
"""2020""","""Rozenburg""",,,,,
"""2021*""","""Rozenburg""",,,,,
"""2019""","""Rozendaal""",1654,15,11,103,"3,02"
"""2020""","""Rozendaal""",1704,9,14,86,"1,29"
"""2021*""","""Rozendaal""",1726,12,5,102,"1,74"
"""2019""","""Rucphen""",22572,169,250,744,"1,36"
"""2020""","""Rucphen""",22878,206,276,854,"0,88"
"""2021*""","""Rucphen""",23080,229,290,737,"1,17"
"""2019""","""Ruurlo""",,,,,
"""2020""","""Ruurlo""",,,,,
"""2021*""","""Ruurlo""",,,,,
"""2019""","""Sas van Gent""",,,,,
"""2020""","""Sas van Gent""",,,,,
"""2021*""","""Sas van Gent""",,,,,
"""2019""","""Sassenheim""",,,,,
"""2020""","""Sassenheim""",,,,,
"""2021*""","""Sassenheim""",,,,,
"""2019""","""Schagen""",46553,371,465,1692,"-0,15"
"""2020""","""Schagen""",46483,338,469,1528,"0,11"
"""2021*""","""Schagen""",46532,387,522,1543,"0,64"
"""2019""","""Scheemda""",,,,,
"""2020""","""Scheemda""",,,,,
"""2021*""","""Scheemda""",,,,,
"""2019""","""Schermer""",,,,,
"""2020""","""Schermer""",,,,,
"""2021*""","""Schermer""",,,,,
"""2019""","""Scherpenzeel""",9873,100,81,419,"0,07"
"""2020""","""Scherpenzeel""",9880,137,92,386,"2,51"
"""2021*""","""Scherpenzeel""",10128,141,94,393,"1,92"
"""2019""","""Schiedam""",77999,850,789,4571,"0,94"
"""2020""","""Schiedam""",78730,848,793,4665,"0,7"
"""2021*""","""Schiedam""",79279,955,820,4856,"0,63"
"""2019""","""Schiermonnikoog""",936,7,8,68,"1,18"
"""2020""","""Schiermonnikoog""",947,3,14,60,"-1,69"
"""2021*""","""Schiermonnikoog""",931,3,14,65,"1,4"
"""2019""","""Schijndel""",,,,,
"""2020""","""Schijndel""",,,,,
"""2021*""","""Schijndel""",,,,,
"""2019""","""Schinnen""",,,,,
"""2020""","""Schinnen""",,,,,
"""2021*""","""Schinnen""",,,,,
"""2019""","""Schipluiden""",,,,,
"""2020""","""Schipluiden""",,,,,
"""2021*""","""Schipluiden""",,,,,
"""2019""","""Schoonhoven""",,,,,
"""2020""","""Schoonhoven""",,,,,
"""2021*""","""Schoonhoven""",,,,,
"""2019""","""Schouwen-Duiveland""",33779,308,391,932,"0,18"
"""2020""","""Schouwen-Duiveland""",33839,264,392,937,"0,67"
"""2021*""","""Schouwen-Duiveland""",34065,308,495,827,"0,27"
"""2019""","""Sevenum""",,,,,
"""2020""","""Sevenum""",,,,,
"""2021*""","""Sevenum""",,,,,
"""2019""","""Simpelveld""",10516,81,79,492,"0,37"
"""2020""","""Simpelveld""",10555,76,92,562,"-0,74"
"""2021*""","""Simpelveld""",10477,69,123,521,"-0,5"
"""2019""","""Sint Anthonis""",11606,124,105,480,"0,5"
"""2020""","""Sint Anthonis""",11664,90,115,466,"0,23"
"""2021*""","""Sint Anthonis""",11691,93,118,471,"0,92"
"""2019""","""Sint-Michielsgestel""",28991,273,279,1103,"0,75"
"""2020""","""Sint-Michielsgestel""",29208,263,288,1199,"0,99"
"""2021*""","""Sint-Michielsgestel""",29498,259,298,1160,"0,76"
"""2019""","""Sint-Oedenrode""",,,,,
"""2020""","""Sint-Oedenrode""",,,,,
"""2021*""","""Sint-Oedenrode""",,,,,
"""2019""","""Sittard-Geleen""",92661,733,1175,3270,"-0,25"
"""2020""","""Sittard-Geleen""",92429,668,1297,3569,"-0,74"
"""2021*""","""Sittard-Geleen""",91743,773,1272,3201,"-0,02"
"""2019""","""Skarsterlân""",,,,,
"""2020""","""Skarsterlân""",,,,,
"""2021*""","""Skarsterlân""",,,,,
"""2019""","""Sliedrecht""",25026,295,252,898,"0,78"
"""2020""","""Sliedrecht""",25220,280,337,970,"1,49"
"""2021*""","""Sliedrecht""",25597,322,326,980,"1,14"
"""2019""","""Slochteren""",,,,,
"""2020""","""Slochteren""",,,,,
"""2021*""","""Slochteren""",,,,,
"""2019""","""Sluis""",23386,162,299,566,"-0,75"
"""2020""","""Sluis""",23210,165,317,571,"-0,19"
"""2021*""","""Sluis""",23166,153,315,538,"-0,13"
"""2019""","""Sluis-Aardenburg""",,,,,
"""2020""","""Sluis-Aardenburg""",,,,,
"""2021*""","""Sluis-Aardenburg""",,,,,
"""2019""","""Smallingerland""",55938,509,525,2232,"0,38"
"""2020""","""Smallingerland""",56150,525,518,2358,"-0,2"
"""2021*""","""Smallingerland""",56040,565,554,2333,"-0,25"
"""2019""","""Sneek""",,,,,
"""2020""","""Sneek""",,,,,
"""2021*""","""Sneek""",,,,,
"""2019""","""Soest""",46194,406,424,2256,"0,89"
"""2020""","""Soest""",46606,416,490,2351,"0,64"
"""2021*""","""Soest""",46906,434,480,2409,"0,44"
"""2019""","""Someren""",19322,184,157,607,"0,24"
"""2020""","""Someren""",19368,207,226,669,"0,31"
"""2021*""","""Someren""",19428,214,181,644,"1,41"
"""2019""","""Son en Breugel""",16904,160,170,608,"2,47"
"""2020""","""Son en Breugel""",17322,188,201,729,"1,33"
"""2021*""","""Son en Breugel""",17552,176,173,744,"1,27"
"""2019""","""Spijkenisse""",,,,,
"""2020""","""Spijkenisse""",,,,,
"""2021*""","""Spijkenisse""",,,,,
"""2019""","""Stadskanaal""",31789,255,427,1302,"-0,32"
"""2020""","""Stadskanaal""",31686,246,440,1342,"0,21"
"""2021*""","""Stadskanaal""",31754,238,436,1621,"0,28"
"""2019""","""Staphorst""",17003,262,113,589,"0,84"
"""2020""","""Staphorst""",17145,260,125,588,"0,68"
"""2021*""","""Staphorst""",17261,231,119,612,"0,12"
"""2019""","""Stede Broec""",21706,217,200,949,"0,09"
"""2020""","""Stede Broec""",21726,202,188,973,"0,08"
"""2021*""","""Stede Broec""",21743,221,195,812,"0,96"
"""2019""","""Steenbergen""",25054,219,256,996,"-2,55"
"""2020""","""Steenbergen""",24416,195,250,1025,"-0,43"
"""2021*""","""Steenbergen""",24310,240,278,1011,"0,14"
"""2019""","""Steenderen""",,,,,
"""2020""","""Steenderen""",,,,,
"""2021*""","""Steenderen""",,,,,
"""2019""","""Steenwijk""",,,,,
"""2020""","""Steenwijk""",,,,,
"""2021*""","""Steenwijk""",,,,,
"""2019""","""Steenwijkerland""",43940,412,469,1614,"0,42"
"""2020""","""Steenwijkerland""",44126,382,444,1727,"0,49"
"""2021*""","""Steenwijkerland""",44341,414,476,1609,"0,9"
"""2019""","""Stein (L.)""",24961,183,243,869,"0,18"
"""2020""","""Stein (L.)""",25007,189,307,882,"-0,53"
"""2021*""","""Stein (L.)""",24875,213,343,859,"-0,27"
"""2019""","""Stichtse Vecht""",64336,639,514,2995,"0,92"
"""2020""","""Stichtse Vecht""",64931,603,608,3115,"0,27"
"""2021*""","""Stichtse Vecht""",65108,671,589,3378,"0,2"
"""2019""","""Strijen""",,,,,
"""2020""","""Strijen""",,,,,
"""2021*""","""Strijen""",,,,,
"""2019""","""Súdwest-Fryslân""",89710,837,884,2651,"0,31"
"""2020""","""Súdwest-Fryslân""",89987,809,914,2949,"0,01"
"""2021*""","""Súdwest-Fryslân""",89999,831,946,3068,"0,34"
"""2019""","""Susteren""",,,,,
"""2020""","""Susteren""",,,,,
"""2021*""","""Susteren""",,,,,
"""2019""","""Swalmen""",,,,,
"""2020""","""Swalmen""",,,,,
"""2021*""","""Swalmen""",,,,,
"""2019""","""Terneuzen""",54589,401,645,1465,"-0,3"
"""2020""","""Terneuzen""",54426,430,667,1341,"0,07"
"""2021*""","""Terneuzen""",54463,449,732,1343,"0,06"
"""2019""","""Terschelling""",4890,34,38,327,"-0,04"
"""2020""","""Terschelling""",4888,27,40,332,"-0,37"
"""2021*""","""Terschelling""",4870,43,55,297,"1,93"
"""2019""","""Texel""",13547,96,139,483,"0,21"
"""2020""","""Texel""",13575,109,137,433,"0,6"
"""2021*""","""Texel""",13656,111,131,478,"0,25"
"""2019""","""Teylingen""",37061,358,308,1459,"1,02"
"""2020""","""Teylingen""",37440,351,320,1617,"0,94"
"""2021*""","""Teylingen""",37791,403,352,1620,"0,39"
"""2019""","""Tholen""",25780,304,208,941,"-0,09"
"""2020""","""Tholen""",25757,286,265,783,"1,27"
"""2021*""","""Tholen""",26085,329,245,872,"1,17"
"""2019""","""Thorn""",,,,,
"""2020""","""Thorn""",,,,,
"""2021*""","""Thorn""",,,,,
"""2019""","""Tiel""",41978,356,358,1656,"0,43"
"""2020""","""Tiel""",42159,390,429,1864,"-0,57"
"""2021*""","""Tiel""",41920,396,455,1665,"0,84"
"""2019""","""Tilburg""",217259,2008,1814,8847,"1,16"
"""2020""","""Tilburg""",219789,2037,2219,9354,"0,33"
"""2021*""","""Tilburg""",221947,2266,2023,8859,"1,13"
"""2019""","""Tubbergen""",21276,210,192,590,0
"""2020""","""Tubbergen""",21275,188,213,585,"0,19"
"""2021*""","""Tubbergen""",21315,213,216,567,"0,23"
"""2019""","""Twenterand""",33792,310,323,893,"-0,15"
"""2020""","""Twenterand""",33743,298,325,913,"-0,13"
"""2021*""","""Twenterand""",33699,322,350,821,"0,05"
"""2019""","""Tynaarlo""",33698,314,365,1897,"0,56"
"""2020""","""Tynaarlo""",33887,281,455,1863,"0,27"
"""2021*""","""Tynaarlo""",33978,293,443,1766,"0,64"
"""2019""","""Tytsjerksteradiel""",31780,305,322,1258,"0,86"
"""2020""","""Tytsjerksteradiel""",32052,306,337,1339,"0,02"
"""2021*""","""Tytsjerksteradiel""",32060,341,376,1312,"0,71"
"""2019""","""Ubbergen""",,,,,
"""2020""","""Ubbergen""",,,,,
"""2021*""","""Ubbergen""",,,,,
"""2019""","""Uden""",41782,426,370,1423,"0,81"
"""2020""","""Uden""",42119,415,472,1524,"0,41"
"""2021*""","""Uden""",42291,425,429,1315,"0,42"
"""2019""","""Uitgeest""",13528,135,79,540,"1,02"
"""2020""","""Uitgeest""",13666,122,102,659,"-0,25"
"""2021*""","""Uitgeest""",13632,146,112,613,"-0,51"
"""2019""","""Uithoorn""",29424,259,211,1509,"0,18"
"""2020""","""Uithoorn""",29478,298,237,1512,"2,47"
"""2021*""","""Uithoorn""",30206,367,255,1424,"2,69"
"""2019""","""Urk""",20776,389,88,333,"1,23"
"""2020""","""Urk""",21031,388,132,391,"0,93"
"""2021*""","""Urk""",21227,424,120,361,"1,11"
"""2019""","""Utrecht (gemeente)""",352866,4740,1923,22138,"1,34"
"""2020""","""Utrecht (gemeente)""",357597,4805,2068,23898,"0,5"
"""2021*""","""Utrecht (gemeente)""",359370,4959,2073,25578,"0,64"
"""2019""","""Utrechtse Heuvelrug""",49515,363,600,3021,"0,13"
"""2020""","""Utrechtse Heuvelrug""",49580,406,632,2889,"0,74"
"""2021*""","""Utrechtse Heuvelrug""",49946,440,620,3053,"0,08"
"""2019""","""Vaals""",10092,56,109,287,"0,13"
"""2020""","""Vaals""",10105,57,133,308,"-0,21"
"""2021*""","""Vaals""",10084,46,150,294,"0,4"
"""2019""","""Valkenburg (ZH.)""",,,,,
"""2020""","""Valkenburg (ZH.)""",,,,,
"""2021*""","""Valkenburg (ZH.)""",,,,,
"""2019""","""Valkenburg aan de Geul""",16470,100,229,877,"-0,63"
"""2020""","""Valkenburg aan de Geul""",16367,123,244,921,"-0,01"
"""2021*""","""Valkenburg aan de Geul""",16365,102,267,922,"-1,18"
"""2019""","""Valkenswaard""",30910,252,357,909,"0,92"
"""2020""","""Valkenswaard""",31193,259,390,1060,"0,09"
"""2021*""","""Valkenswaard""",31221,272,393,1105,"0,03"
"""2019""","""Veendam""",27491,213,318,1363,"-0,39"
"""2020""","""Veendam""",27384,211,310,1206,"0,12"
"""2021*""","""Veendam""",27417,214,330,1169,"0,2"
"""2019""","""Veenendaal""",65589,850,497,2173,"1,38"
"""2020""","""Veenendaal""",66493,800,607,2293,"0,63"
"""2021*""","""Veenendaal""",66912,815,594,2203,"1,13"
"""2019""","""Veere""",21835,196,223,806,"0,21"
"""2020""","""Veere""",21880,207,213,907,"0,33"
"""2021*""","""Veere""",21953,203,255,835,"-0,47"
"""2019""","""Veghel""",,,,,
"""2020""","""Veghel""",,,,,
"""2021*""","""Veghel""",,,,,
"""2019""","""Veldhoven""",45337,401,384,2092,"0,28"
"""2020""","""Veldhoven""",45466,402,405,2121,"0,07"
"""2021*""","""Veldhoven""",45500,396,436,2094,"0,69"
"""2019""","""Velsen""",68348,588,702,2620,"0,44"
"""2020""","""Velsen""",68648,615,762,2736,"-0,05"
"""2021*""","""Velsen""",68617,628,761,2751,"-0,21"
"""2019""","""Venhuizen""",,,,,
"""2020""","""Venhuizen""",,,,,
"""2021*""","""Venhuizen""",,,,,
"""2019""","""Venlo""",101603,890,971,2599,"0,2"
"""2020""","""Venlo""",101802,903,1039,2656,"0,18"
"""2021*""","""Venlo""",101988,948,1065,2692,"0,14"
"""2019""","""Venray""",43326,401,359,1397,"0,66"
"""2020""","""Venray""",43614,382,416,1447,"0,23"
"""2021*""","""Venray""",43713,417,438,1440,"0,59"
"""2019""","""Vianen""",,,,,
"""2020""","""Vianen""",,,,,
"""2021*""","""Vianen""",,,,,
"""2019""","""Vijfheerenlanden""",55712,640,531,1849,"1,97"
"""2020""","""Vijfheerenlanden""",56811,658,613,1934,"1,79"
"""2021*""","""Vijfheerenlanden""",57829,816,600,2129,"1,66"
"""2019""","""Vlaardingen""",72404,800,809,2795,"1,37"
"""2020""","""Vlaardingen""",73397,841,830,3081,"0,72"
"""2021*""","""Vlaardingen""",73924,774,858,3339,"0,32"
"""2019""","""Vlagtwedde""",,,,,
"""2020""","""Vlagtwedde""",,,,,
"""2021*""","""Vlagtwedde""",,,,,
"""2019""","""Vlieland""",1138,7,11,139,"1,49"
"""2020""","""Vlieland""",1155,10,11,123,"3,38"
"""2021*""","""Vlieland""",1194,6,8,133,"0,17"
"""2019""","""Vlissingen""",44371,376,458,1993,"-0,02"
"""2020""","""Vlissingen""",44360,351,536,2070,0
"""2021*""","""Vlissingen""",44358,372,638,1802,"0,47"
"""2019""","""Vlist""",,,,,
"""2020""","""Vlist""",,,,,
"""2021*""","""Vlist""",,,,,
"""2019""","""Voerendaal""",12452,111,121,585,"0,18"
"""2020""","""Voerendaal""",12475,83,147,560,"-0,07"
"""2021*""","""Voerendaal""",12466,124,124,573,"-0,33"
"""2019""","""Voorhout""",,,,,
"""2020""","""Voorhout""",,,,,
"""2021*""","""Voorhout""",,,,,
"""2019""","""Voorschoten""",25479,234,235,1155,"0,46"
"""2020""","""Voorschoten""",25596,207,283,1121,"0,21"
"""2021*""","""Voorschoten""",25650,229,253,1238,"-0,09"
"""2019""","""Voorst""",24417,199,251,947,"0,55"
"""2020""","""Voorst""",24552,234,243,1018,"0,97"
"""2021*""","""Voorst""",24790,206,251,919,"0,83"
"""2019""","""Vorden""",,,,,
"""2020""","""Vorden""",,,,,
"""2021*""","""Vorden""",,,,,
"""2019""","""Vriezenveen""",,,,,
"""2020""","""Vriezenveen""",,,,,
"""2021*""","""Vriezenveen""",,,,,
"""2019""","""Vught""",26396,255,295,1601,"0,61"
"""2020""","""Vught""",26558,232,370,1672,"0,78"
"""2021*""","""Vught""",31669,310,368,1812,"0,31"
"""2019""","""Waadhoeke""",46039,410,439,2048,"0,11"
"""2020""","""Waadhoeke""",46090,391,450,1919,"0,13"
"""2021*""","""Waadhoeke""",46149,434,519,2015,"0,37"
"""2019""","""Waalre""",17247,164,172,839,"1,21"
"""2020""","""Waalre""",17456,161,179,872,"0,5"
"""2021*""","""Waalre""",17544,153,166,874,"0,5"
"""2019""","""Waalwijk""",48240,480,438,2013,"0,82"
"""2020""","""Waalwijk""",48637,454,550,2124,"0,37"
"""2021*""","""Waalwijk""",48815,474,488,2043,"1,1"
"""2019""","""Waddinxveen""",28316,365,194,1147,"3,44"
"""2020""","""Waddinxveen""",29291,415,194,1196,"4,06"
"""2021*""","""Waddinxveen""",30479,472,215,1198,"2,82"
"""2019""","""Wageningen""",38774,306,395,3312,"2,3"
"""2020""","""Wageningen""",39664,303,437,3329,"-0,07"
"""2021*""","""Wageningen""",39635,256,429,3268,"0,73"
"""2019""","""Warmond""",,,,,
"""2020""","""Warmond""",,,,,
"""2021*""","""Warmond""",,,,,
"""2019""","""Warnsveld""",,,,,
"""2020""","""Warnsveld""",,,,,
"""2021*""","""Warnsveld""",,,,,
"""2019""","""Wassenaar""",26211,159,345,1099,"0,36"
"""2020""","""Wassenaar""",26305,164,362,1455,"2,45"
"""2021*""","""Wassenaar""",26949,162,379,1934,"0,58"
"""2019""","""Wateringen""",,,,,
"""2020""","""Wateringen""",,,,,
"""2021*""","""Wateringen""",,,,,
"""2019""","""Waterland""",17315,133,156,569,"0,63"
"""2020""","""Waterland""",17424,128,182,668,"-0,64"
"""2021*""","""Waterland""",17312,147,176,666,"0,14"
"""2019""","""Weert""",49842,434,504,1743,"0,53"
"""2020""","""Weert""",50105,372,579,1935,"-0,19"
"""2021*""","""Weert""",50011,452,607,1459,"0,67"
"""2019""","""Weesp""",19334,222,225,1082,"2,09"
"""2020""","""Weesp""",19738,250,227,1091,"3,58"
"""2021*""","""Weesp""",20445,267,240,1230,"1,57"
"""2019""","""Wehl""",,,,,
"""2020""","""Wehl""",,,,,
"""2021*""","""Wehl""",,,,,
"""2019""","""Werkendam""",,,,,
"""2020""","""Werkendam""",,,,,
"""2021*""","""Werkendam""",,,,,
"""2019""","""Wervershoof""",,,,,
"""2020""","""Wervershoof""",,,,,
"""2021*""","""Wervershoof""",,,,,
"""2019""","""West Betuwe""",50697,520,368,1754,"0,85"
"""2020""","""West Betuwe""",51128,519,502,1896,"0,72"
"""2021*""","""West Betuwe""",51496,552,494,1952,"0,92"
"""2019""","""West Maas en Waal""",19076,163,177,740,"1,3"
"""2020""","""West Maas en Waal""",19324,189,212,776,"1,33"
"""2021*""","""West Maas en Waal""",19581,214,195,814,"0,53"
"""2019""","""Wester-Koggenland""",,,,,
"""2020""","""Wester-Koggenland""",,,,,
"""2021*""","""Wester-Koggenland""",,,,,
"""2019""","""Westerkwartier""",63031,621,562,2365,"0,47"
"""2020""","""Westerkwartier""",63329,614,592,2342,"0,55"
"""2021*""","""Westerkwartier""",63678,674,646,2013,"0,98"
"""2019""","""Westerveld""",19348,120,234,943,"0,58"
"""2020""","""Westerveld""",19460,150,242,1012,"1,03"
"""2021*""","""Westerveld""",19661,129,244,912,"0,97"
"""2019""","""Westervoort""",14944,136,105,777,"0,18"
"""2020""","""Westervoort""",14971,137,139,815,"0,29"
"""2021*""","""Westervoort""",15014,157,136,843,"-0,46"
"""2019""","""Westerwolde""",25199,192,293,8773,"2,12"
"""2020""","""Westerwolde""",25733,177,306,7919,"1,87"
"""2021*""","""Westerwolde""",26215,236,406,14888,"1,43"
"""2019""","""Westland""",108603,1154,775,2932,"1,63"
"""2020""","""Westland""",110375,1109,962,3039,"0,91"
"""2021*""","""Westland""",111382,1234,930,3344,"0,99"
"""2019""","""Weststellingwerf""",25840,234,286,907,"0,29"
"""2020""","""Weststellingwerf""",25914,227,330,921,"0,83"
"""2021*""","""Weststellingwerf""",26130,257,302,945,"0,57"
"""2019""","""Westvoorne""",14626,75,160,589,"0,72"
"""2020""","""Westvoorne""",14731,100,175,626,"1,15"
"""2021*""","""Westvoorne""",14900,109,197,593,"0,39"
"""2019""","""Wierden""",24351,228,222,829,"0,39"
"""2020""","""Wierden""",24446,223,220,793,"0,38"
"""2021*""","""Wierden""",24538,244,244,807,"0,43"
"""2019""","""Wieringen""",,,,,
"""2020""","""Wieringen""",,,,,
"""2021*""","""Wieringen""",,,,,
"""2019""","""Wieringermeer""",,,,,
"""2020""","""Wieringermeer""",,,,,
"""2021*""","""Wieringermeer""",,,,,
"""2019""","""Wijchen""",40951,323,346,1329,"0,39"
"""2020""","""Wijchen""",41110,360,410,1379,"0,37"
"""2021*""","""Wijchen""",41261,353,393,1357,"0,2"
"""2019""","""Wijdemeren""",24013,217,270,1190,"1,44"
"""2020""","""Wijdemeren""",24358,186,251,1270,"0,43"
"""2021*""","""Wijdemeren""",24463,228,269,1179,"0,16"
"""2019""","""Wijk bij Duurstede""",23762,220,166,843,"0,64"
"""2020""","""Wijk bij Duurstede""",23914,214,183,953,"0,05"
"""2021*""","""Wijk bij Duurstede""",23925,232,183,864,"-0,01"
"""2019""","""Winschoten""",,,,,
"""2020""","""Winschoten""",,,,,
"""2021*""","""Winschoten""",,,,,
"""2019""","""Winsum""",,,,,
"""2020""","""Winsum""",,,,,
"""2021*""","""Winsum""",,,,,
"""2019""","""Winterswijk""",28903,239,299,996,"-0,17"
"""2020""","""Winterswijk""",28854,259,314,944,"0,58"
"""2021*""","""Winterswijk""",29022,246,353,1139,"0,53"
"""2019""","""Wisch""",,,,,
"""2020""","""Wisch""",,,,,
"""2021*""","""Wisch""",,,,,
"""2019""","""Woensdrecht""",21866,179,213,828,"0,05"
"""2020""","""Woensdrecht""",21876,169,226,800,"0,69"
"""2021*""","""Woensdrecht""",22028,151,255,653,"0,44"
"""2019""","""Woerden""",52197,486,402,1737,"0,2"
"""2020""","""Woerden""",52299,525,439,1842,"0,76"
"""2021*""","""Woerden""",52694,580,457,1903,"0,35"
"""2019""","""Wognum""",,,,,
"""2020""","""Wognum""",,,,,
"""2021*""","""Wognum""",,,,,
"""2019""","""De Wolden""",24110,216,226,985,"0,91"
"""2020""","""De Wolden""",24330,204,268,1078,"0,18"
"""2021*""","""De Wolden""",24374,229,302,968,"0,57"
"""2019""","""Wormerland""",16329,141,123,696,"-0,36"
"""2020""","""Wormerland""",16270,137,155,698,"0,39"
"""2021*""","""Wormerland""",16333,133,176,689,"0,28"
"""2019""","""Woudenberg""",13166,167,106,491,"1,49"
"""2020""","""Woudenberg""",13362,165,119,534,"2,07"
"""2021*""","""Woudenberg""",13639,173,111,525,"1,74"
"""2019""","""Woudrichem""",,,,,
"""2020""","""Woudrichem""",,,,,
"""2021*""","""Woudrichem""",,,,,
"""2019""","""Wûnseradiel""",,,,,
"""2020""","""Wûnseradiel""",,,,,
"""2021*""","""Wûnseradiel""",,,,,
"""2019""","""Wymbritseradiel""",,,,,
"""2020""","""Wymbritseradiel""",,,,,
"""2021*""","""Wymbritseradiel""",,,,,
"""2019""","""Zaanstad""",155885,1705,1267,5996,"0,58"
"""2020""","""Zaanstad""",156794,1566,1561,6320,"0,07"
"""2021*""","""Zaanstad""",156901,1710,1428,6399,"0,15"
"""2019""","""Zaltbommel""",28451,341,210,1060,"1,51"
"""2020""","""Zaltbommel""",28881,349,251,1092,"1,96"
"""2021*""","""Zaltbommel""",29447,354,234,1021,"1,72"
"""2019""","""Zandvoort""",17011,122,226,724,"0,62"
"""2020""","""Zandvoort""",17116,123,234,867,"0,3"
"""2021*""","""Zandvoort""",17168,122,224,924,"-0,38"
"""2019""","""Zederik""",,,,,
"""2020""","""Zederik""",,,,,
"""2021*""","""Zederik""",,,,,
"""2019""","""Zeevang""",,,,,
"""2020""","""Zeevang""",,,,,
"""2021*""","""Zeevang""",,,,,
"""2019""","""Zeewolde""",22309,211,103,1140,"1,54"
"""2020""","""Zeewolde""",22653,238,115,1194,1
"""2021*""","""Zeewolde""",22879,237,148,1049,"2,01"
"""2019""","""Zeist""",63934,648,742,3623,"1,52"
"""2020""","""Zeist""",64905,619,791,4076,"0,21"
"""2021*""","""Zeist""",65043,681,780,4106,"1,42"
"""2019""","""Zelhem""",,,,,
"""2020""","""Zelhem""",,,,,
"""2021*""","""Zelhem""",,,,,
"""2019""","""Zevenaar""",43488,329,464,1597,"0,6"
"""2020""","""Zevenaar""",43750,355,481,1676,"0,79"
"""2021*""","""Zevenaar""",44096,415,504,1581,"1,24"
"""2019""","""Zevenhuizen-Moerkapelle""",,,,,
"""2020""","""Zevenhuizen-Moerkapelle""",,,,,
"""2021*""","""Zevenhuizen-Moerkapelle""",,,,,
"""2019""","""Zijpe""",,,,,
"""2020""","""Zijpe""",,,,,
"""2021*""","""Zijpe""",,,,,
"""2019""","""Zoetermeer""",124944,1234,903,4884,"0,27"
"""2020""","""Zoetermeer""",125285,1216,1002,5081,"-0,01"
"""2021*""","""Zoetermeer""",125267,1282,1005,4907,"0,39"
"""2019""","""Zoeterwoude""",8450,83,68,386,"1,83"
"""2020""","""Zoeterwoude""",8605,82,82,435,"2,77"
"""2021*""","""Zoeterwoude""",8843,99,82,384,"5,16"
"""2019""","""Zuidhorn""",,,,,
"""2020""","""Zuidhorn""",,,,,
"""2021*""","""Zuidhorn""",,,,,
"""2019""","""Zuidplas""",42762,505,273,1801,"2,63"
"""2020""","""Zuidplas""",43885,529,342,1882,"2,69"
"""2021*""","""Zuidplas""",45064,578,352,1843,"1,62"
"""2019""","""Zundert""",21612,190,234,622,1
"""2020""","""Zundert""",21829,198,245,688,"0,73"
"""2021*""","""Zundert""",21988,216,227,587,"1,22"
"""2019""","""Zutphen""",47609,392,498,2452,"0,68"
"""2020""","""Zutphen""",47934,383,469,2592,"0,37"
"""2021*""","""Zutphen""",48111,385,519,2691,"0,45"
"""2019""","""Zwartewaterland""",22503,293,175,694,"0,81"
"""2020""","""Zwartewaterland""",22685,311,203,687,"0,61"
"""2021*""","""Zwartewaterland""",22823,288,169,655,"0,84"
"""2019""","""Zwijndrecht""",44639,457,471,1979,"0,22"
"""2020""","""Zwijndrecht""",44737,406,558,1969,"0,08"
"""2021*""","""Zwijndrecht""",44775,490,535,2289,"-0,01"
"""2019""","""Zwolle""",127497,1460,953,5356,"1,05"
"""2020""","""Zwolle""",128840,1469,1036,5574,"0,78"
"""2021*""","""Zwolle""",129840,1452,1070,5557,"0,62"
